TCV, , , , , , , , , , , , ,Grammar
p1,p2,p3,p4,p5,p6,p7,p8,p9,p10,p11,p12,p13,p1,p2,p3,p4,p5,p6,p7,p8,p9,p10,p11,p12,p13
0,0,0,0,0,0,0,0,0,4,1,0,3,0,0,0,1,0,0,1,0,0,1,0,0,0
0,0,0,1,0,0,0,0,0,4,27,0,0,0,0,0,1,0,0,1,0,0,1,0,0,0
0,0,0,4,0,0,0,0,0,1,5,0,0,0,0,0,1,0,0,1,0,0,1,0,0,0
0,0,0,0,0,0,0,0,0,1,7,0,3,0,0,0,1,0,0,1,0,0,1,0,0,0
0,0,0,0,0,0,0,0,0,10,3,0,1,0,0,0,1,0,0,1,0,0,1,0,0,0
0,0,0,0,0,0,0,0,0,2,5,0,1,0,0,0,1,0,0,1,0,0,1,0,0,0
0,0,0,1,0,0,0,0,0,0,6,0,0,0,0,0,1,0,0,1,0,0,1,0,0,0
0,0,0,0,0,0,0,0,0,12,5,0,2,0,0,0,1,0,0,1,0,0,1,0,0,0
0,0,0,0,0,0,0,0,0,2,32,0,1,0,0,0,1,0,0,1,0,0,1,0,0,0
0,0,0,2,0,0,0,0,0,0,15,0,1,0,0,0,1,0,0,1,0,0,1,0,0,0
0,0,0,0,0,0,0,0,0,2,25,0,2,0,0,0,1,0,0,1,0,0,1,0,0,0
0,0,0,1,0,0,0,0,0,1,5,0,0,0,0,0,1,0,0,1,0,0,1,0,0,0
0,0,0,2,0,0,0,0,0,3,11,0,0,0,0,0,1,0,0,1,0,0,1,0,0,0
0,0,0,2,0,0,0,0,0,6,7,0,0,0,0,0,1,0,0,1,0,0,1,0,0,0
0,0,0,0,0,0,0,0,0,1,22,0,1,0,0,0,1,0,0,1,0,0,1,0,0,0
0,0,0,2,0,0,0,0,0,7,34,0,0,0,0,0,1,0,0,1,0,0,1,0,0,0
0,0,0,0,0,0,0,0,0,11,10,0,1,0,0,0,1,0,0,1,0,0,1,0,0,0
0,0,0,0,0,0,0,0,0,0,12,0,2,0,0,0,1,0,0,1,0,0,1,0,0,0
0,0,0,3,0,0,0,0,0,4,1,0,0,0,0,0,1,0,0,1,0,0,1,0,0,0
0,0,0,1,0,0,0,0,0,11,5,0,0,0,0,0,1,0,0,1,0,0,1,0,0,0
0,0,0,0,0,0,0,0,0,3,12,0,4,0,0,0,1,0,0,1,0,0,1,0,0,0
0,0,0,0,0,0,0,0,0,16,0,0,1,0,0,0,1,0,0,1,0,0,1,0,0,0
0,0,0,3,0,0,0,0,0,7,3,0,0,0,0,0,1,0,0,1,0,0,1,0,0,0
0,0,0,0,0,0,0,0,0,3,2,0,3,0,0,0,1,0,0,1,0,0,1,0,0,0
0,0,0,2,0,0,0,0,0,6,2,0,0,0,0,0,1,0,0,1,0,0,1,0,0,0
0,0,0,0,0,0,0,0,0,0,13,0,3,0,0,0,1,0,0,1,0,0,1,0,0,0
0,0,0,0,0,0,0,0,0,1,3,0,6,0,0,0,1,0,0,1,0,0,1,0,0,0
0,0,0,0,0,0,0,0,0,6,1,0,5,0,0,0,1,0,0,1,0,0,1,0,0,0
0,0,0,2,0,0,0,0,0,2,3,0,0,0,0,0,1,0,0,1,0,0,1,0,0,0
0,0,0,1,0,0,0,0,0,3,10,0,0,0,0,0,1,0,0,1,0,0,1,0,0,0
0,0,0,2,0,0,0,0,0,4,12,0,0,0,0,0,1,0,0,1,0,0,1,0,0,0
0,0,0,2,0,0,0,0,0,2,16,0,0,0,0,0,1,0,0,1,0,0,1,0,0,0
0,0,0,0,0,0,0,0,0,0,3,0,2,0,0,0,1,0,0,1,0,0,1,0,0,0
0,0,0,0,0,0,0,0,0,6,27,0,1,0,0,0,1,0,0,1,0,0,1,0,0,0
0,0,0,0,0,0,0,0,0,1,13,0,1,0,0,0,1,0,0,1,0,0,1,0,0,0
0,0,0,0,0,0,0,0,0,5,21,0,3,0,0,0,1,0,0,1,0,0,1,0,0,0
0,0,0,2,0,0,0,0,0,4,5,0,0,0,0,0,1,0,0,1,0,0,1,0,0,0
0,0,0,0,0,0,0,0,0,3,0,0,6,0,0,0,1,0,0,1,0,0,1,0,0,0
0,0,0,0,0,0,0,0,0,1,3,0,5,0,0,0,1,0,0,1,0,0,1,0,0,0
0,0,0,0,0,0,0,0,0,13,3,0,1,0,0,0,1,0,0,1,0,0,1,0,0,0
0,0,0,0,0,0,0,0,0,9,6,0,1,0,0,0,1,0,0,1,0,0,1,0,0,0
0,0,0,0,0,0,0,0,0,0,9,0,2,0,0,0,1,0,0,1,0,0,1,0,0,0
0,0,0,1,0,0,0,0,0,2,13,0,0,0,0,0,1,0,0,1,0,0,1,0,0,0
0,0,0,2,0,0,0,0,0,4,12,0,0,0,0,0,1,0,0,1,0,0,1,0,0,0
0,0,0,3,0,0,0,0,0,4,7,0,0,0,0,0,1,0,0,1,0,0,1,0,0,0
0,0,0,1,0,0,0,0,0,7,15,0,0,0,0,0,1,0,0,1,0,0,1,0,0,0
0,0,0,2,0,0,0,0,0,9,1,0,0,0,0,0,1,0,0,1,0,0,1,0,0,0
0,0,0,1,0,0,0,0,0,2,19,0,0,0,0,0,1,0,0,1,0,0,1,0,0,0
0,0,0,0,0,0,0,0,0,3,9,0,1,0,0,0,1,0,0,1,0,0,1,0,0,0
0,0,0,2,0,0,0,0,0,0,13,0,0,0,0,0,1,0,0,1,0,0,1,0,0,0
0,0,0,2,0,0,0,0,0,3,12,0,0,0,0,0,1,0,0,1,0,0,1,0,0,0
0,0,0,1,0,0,0,0,0,4,10,0,0,0,0,0,1,0,0,1,0,0,1,0,0,0
0,0,0,1,0,0,0,0,0,16,39,0,0,0,0,0,1,0,0,1,0,0,1,0,0,0
0,0,0,1,0,0,0,0,0,2,10,0,6,0,0,0,1,0,0,1,0,0,1,0,0,0
0,0,0,0,0,0,0,0,0,0,7,0,2,0,0,0,1,0,0,1,0,0,1,0,0,0
0,0,0,0,0,0,0,0,0,6,14,0,1,0,0,0,1,0,0,1,0,0,1,0,0,0
0,0,0,0,0,0,0,0,0,6,5,0,3,0,0,0,1,0,0,1,0,0,1,0,0,0
0,0,0,0,0,0,0,0,0,0,5,0,4,0,0,0,1,0,0,1,0,0,1,0,0,0
0,0,0,0,0,0,0,0,0,1,0,0,5,0,0,0,1,0,0,1,0,0,1,0,0,0
0,0,0,2,0,0,0,0,0,1,6,0,0,0,0,0,1,0,0,1,0,0,1,0,0,0
0,0,0,1,0,0,0,0,0,3,16,0,0,0,0,0,1,0,0,1,0,0,1,0,0,0
0,0,0,0,0,0,0,0,0,4,0,0,2,0,0,0,1,0,0,1,0,0,1,0,0,0
0,0,0,1,0,0,0,0,0,0,17,0,0,0,0,0,1,0,0,1,0,0,1,0,0,0
0,0,0,0,0,0,0,0,0,2,8,0,2,0,0,0,1,0,0,1,0,0,1,0,0,0
0,0,0,0,0,0,0,0,0,0,10,0,3,0,0,0,1,0,0,1,0,0,1,0,0,0
0,0,0,2,0,0,0,0,0,0,7,0,0,0,0,0,1,0,0,1,0,0,1,0,0,0
0,0,0,0,0,0,0,0,0,5,6,0,7,0,0,0,1,0,0,1,0,0,1,0,0,0
0,0,0,1,0,0,0,0,0,21,8,0,0,0,0,0,1,0,0,1,0,0,1,0,0,0
0,0,0,1,0,0,0,0,0,0,1,0,0,0,0,0,1,0,0,1,0,0,1,0,0,0
0,0,0,0,0,0,0,0,0,0,9,0,1,0,0,0,1,0,0,1,0,0,1,0,0,0
0,0,0,1,0,0,0,0,0,3,0,0,4,0,0,0,1,0,0,1,0,0,1,0,0,0
0,0,0,1,0,0,0,0,0,1,20,0,0,0,0,0,1,0,0,1,0,0,1,0,0,0
0,0,0,1,0,0,0,0,0,9,17,0,0,0,0,0,1,0,0,1,0,0,1,0,0,0
0,0,0,4,0,0,0,0,0,2,3,0,0,0,0,0,1,0,0,1,0,0,1,0,0,0
0,0,0,0,0,0,0,0,0,6,2,0,3,0,0,0,1,0,0,1,0,0,1,0,0,0
0,0,0,0,0,0,0,0,0,12,13,0,1,0,0,0,1,0,0,1,0,0,1,0,0,0
0,0,0,0,0,0,0,0,0,0,1,0,3,0,0,0,1,0,0,1,0,0,1,0,0,0
0,0,0,1,0,0,0,0,0,26,22,0,0,0,0,0,1,0,0,1,0,0,1,0,0,0
0,0,0,1,0,0,0,0,0,0,1,0,0,0,0,0,1,0,0,1,0,0,1,0,0,0
0,0,0,0,0,0,0,0,0,2,8,0,2,0,0,0,1,0,0,1,0,0,1,0,0,0
0,0,0,3,0,0,0,0,0,15,35,0,1,0,0,0,1,0,0,1,0,0,1,0,0,0
0,0,0,4,0,0,0,0,0,2,13,0,0,0,0,0,1,0,0,1,0,0,1,0,0,0
0,0,0,0,0,0,0,0,0,10,6,0,2,0,0,0,1,0,0,1,0,0,1,0,0,0
0,0,0,1,0,0,0,0,0,2,6,0,0,0,0,0,1,0,0,1,0,0,1,0,0,0
0,0,0,0,0,0,0,0,0,2,17,0,4,0,0,0,1,0,0,1,0,0,1,0,0,0
0,0,0,0,0,0,0,0,0,4,1,0,4,0,0,0,1,0,0,1,0,0,1,0,0,0
0,0,0,1,0,0,0,0,0,2,5,0,0,0,0,0,1,0,0,1,0,0,1,0,0,0
0,0,0,1,0,0,0,0,0,6,0,0,2,0,0,0,1,0,0,1,0,0,1,0,0,0
0,0,0,1,0,0,0,0,0,0,18,0,0,0,0,0,1,0,0,1,0,0,1,0,0,0
0,0,0,0,0,0,0,0,0,2,4,0,3,0,0,0,1,0,0,1,0,0,1,0,0,0
0,0,0,2,0,0,0,0,0,9,2,0,0,0,0,0,1,0,0,1,0,0,1,0,0,0
0,0,0,0,0,0,0,0,0,0,1,0,3,0,0,0,1,0,0,1,0,0,1,0,0,0
0,0,0,0,0,0,0,0,0,4,19,0,2,0,0,0,1,0,0,1,0,0,1,0,0,0
0,0,0,0,0,0,0,0,0,0,40,0,5,0,0,0,1,0,0,1,0,0,1,0,0,0
0,0,0,0,0,0,0,0,0,6,4,0,1,0,0,0,1,0,0,1,0,0,1,0,0,0
0,0,0,1,0,0,0,0,0,2,1,0,0,0,0,0,1,0,0,1,0,0,1,0,0,0
0,0,0,0,0,0,0,0,0,0,12,0,3,0,0,0,1,0,0,1,0,0,1,0,0,0
0,0,0,0,0,0,0,0,0,5,1,0,2,0,0,0,1,0,0,1,0,0,1,0,0,0
0,0,0,0,0,0,0,0,0,7,21,0,1,0,0,0,1,0,0,1,0,0,1,0,0,0
0,0,0,1,0,0,0,0,0,5,11,0,0,0,0,0,1,0,0,1,0,0,1,0,0,0
0,0,0,0,0,0,0,0,0,0,2,0,3,0,0,0,1,0,0,1,0,0,1,0,0,0
0,0,0,0,0,0,0,0,0,2,1,0,2,0,0,0,1,0,0,1,0,0,1,0,0,0
0,0,0,0,0,0,0,0,0,0,22,0,1,0,0,0,1,0,0,1,0,0,1,0,0,0
0,0,0,0,0,0,0,0,0,2,9,0,3,0,0,0,1,0,0,1,0,0,1,0,0,0
0,0,0,0,0,0,0,0,0,2,19,0,1,0,0,0,1,0,0,1,0,0,1,0,0,0
0,0,0,0,0,0,0,0,0,3,1,0,2,0,0,0,1,0,0,1,0,0,1,0,0,0
0,0,0,2,0,0,0,0,0,1,3,0,0,0,0,0,1,0,0,1,0,0,1,0,0,0
0,0,0,1,0,0,0,0,0,8,16,0,0,0,0,0,1,0,0,1,0,0,1,0,0,0
0,0,0,1,0,0,0,0,0,3,0,0,2,0,0,0,1,0,0,1,0,0,1,0,0,0
0,0,0,1,0,0,0,0,0,22,1,0,0,0,0,0,1,0,0,1,0,0,1,0,0,0
0,0,0,0,0,0,0,0,0,4,11,0,1,0,0,0,1,0,0,1,0,0,1,0,0,0
0,0,0,0,0,0,0,0,0,5,3,0,4,0,0,0,1,0,0,1,0,0,1,0,0,0
0,0,0,1,0,0,0,0,0,0,11,0,0,0,0,0,1,0,0,1,0,0,1,0,0,0
0,0,0,0,0,0,0,0,0,0,7,0,1,0,0,0,1,0,0,1,0,0,1,0,0,0
0,0,0,4,0,0,0,0,0,1,5,0,0,0,0,0,1,0,0,1,0,0,1,0,0,0
0,0,0,0,0,0,0,0,0,0,19,0,1,0,0,0,1,0,0,1,0,0,1,0,0,0
0,0,0,0,0,0,0,0,0,1,2,0,8,0,0,0,1,0,0,1,0,0,1,0,0,0
0,0,0,5,0,0,0,0,0,5,16,0,0,0,0,0,1,0,0,1,0,0,1,0,0,0
0,0,0,0,0,0,0,0,0,0,6,0,2,0,0,0,1,0,0,1,0,0,1,0,0,0
0,0,0,2,0,0,0,0,0,2,0,0,3,0,0,0,1,0,0,1,0,0,1,0,0,0
0,0,0,0,0,0,0,0,0,4,12,0,3,0,0,0,1,0,0,1,0,0,1,0,0,0
0,0,0,6,0,0,0,0,0,3,12,0,0,0,0,0,1,0,0,1,0,0,1,0,0,0
0,0,0,0,0,0,0,0,0,2,4,0,6,0,0,0,1,0,0,1,0,0,1,0,0,0
0,0,0,3,0,0,0,0,0,2,5,0,0,0,0,0,1,0,0,1,0,0,1,0,0,0
0,0,0,0,0,0,0,0,0,15,0,0,5,0,0,0,1,0,0,1,0,0,1,0,0,0
0,0,0,1,0,0,0,0,0,5,11,0,0,0,0,0,1,0,0,1,0,0,1,0,0,0
0,0,0,2,0,0,0,0,0,10,25,0,0,0,0,0,1,0,0,1,0,0,1,0,0,0
0,0,0,0,0,0,0,0,0,3,7,0,1,0,0,0,1,0,0,1,0,0,1,0,0,0
0,0,0,0,0,0,0,0,0,15,7,0,1,0,0,0,1,0,0,1,0,0,1,0,0,0
0,0,0,2,0,0,0,0,0,4,23,0,0,0,0,0,1,0,0,1,0,0,1,0,0,0
0,0,0,0,0,0,0,0,0,1,2,0,1,0,0,0,1,0,0,1,0,0,1,0,0,0
0,0,0,1,0,0,0,0,0,0,5,0,0,0,0,0,1,0,0,1,0,0,1,0,0,0
0,0,0,0,0,0,0,0,0,14,2,0,1,0,0,0,1,0,0,1,0,0,1,0,0,0
0,0,0,0,0,0,0,0,0,21,36,0,1,0,0,0,1,0,0,1,0,0,1,0,0,0
0,0,0,0,0,0,0,0,0,3,19,0,1,0,0,0,1,0,0,1,0,0,1,0,0,0
0,0,0,1,0,0,0,0,0,1,13,0,0,0,0,0,1,0,0,1,0,0,1,0,0,0
0,0,0,0,0,0,0,0,0,2,1,0,5,0,0,0,1,0,0,1,0,0,1,0,0,0
0,0,0,1,0,0,0,0,0,7,8,0,0,0,0,0,1,0,0,1,0,0,1,0,0,0
0,0,0,1,0,0,0,0,0,2,1,0,0,0,0,0,1,0,0,1,0,0,1,0,0,0
0,0,0,0,0,0,0,0,0,0,4,0,2,0,0,0,1,0,0,1,0,0,1,0,0,0
0,0,0,0,0,0,0,0,0,4,3,0,1,0,0,0,1,0,0,1,0,0,1,0,0,0
0,0,0,3,0,0,0,0,0,4,3,0,0,0,0,0,1,0,0,1,0,0,1,0,0,0
0,0,0,0,0,0,0,0,0,12,0,0,2,0,0,0,1,0,0,1,0,0,1,0,0,0
0,0,0,2,0,0,0,0,0,4,11,0,0,0,0,0,1,0,0,1,0,0,1,0,0,0
0,0,0,2,0,0,0,0,0,6,4,0,0,0,0,0,1,0,0,1,0,0,1,0,0,0
0,0,0,0,0,0,0,0,0,4,0,0,2,0,0,0,1,0,0,1,0,0,1,0,0,0
0,0,0,3,0,0,0,0,0,4,10,0,0,0,0,0,1,0,0,1,0,0,1,0,0,0
0,0,0,1,0,0,0,0,0,4,6,0,0,0,0,0,1,0,0,1,0,0,1,0,0,0
0,0,0,0,0,0,0,0,0,1,46,0,1,0,0,0,1,0,0,1,0,0,1,0,0,0
0,0,0,1,0,0,0,0,0,0,9,0,0,0,0,0,1,0,0,1,0,0,1,0,0,0
0,0,0,2,0,0,0,0,0,6,11,0,0,0,0,0,1,0,0,1,0,0,1,0,0,0
0,0,0,2,0,0,0,0,0,2,7,0,0,0,0,0,1,0,0,1,0,0,1,0,0,0
0,0,0,1,0,0,0,0,0,2,4,0,0,0,0,0,1,0,0,1,0,0,1,0,0,0
0,0,0,1,0,0,0,0,0,0,10,0,0,0,0,0,1,0,0,1,0,0,1,0,0,0
0,0,0,2,0,0,0,0,0,2,6,0,0,0,0,0,1,0,0,1,0,0,1,0,0,0
0,0,0,1,0,0,0,0,0,0,10,0,0,0,0,0,1,0,0,1,0,0,1,0,0,0
0,0,0,0,0,0,0,0,0,0,4,0,5,0,0,0,1,0,0,1,0,0,1,0,0,0
0,0,0,2,0,0,0,0,0,1,14,0,1,0,0,0,1,0,0,1,0,0,1,0,0,0
0,0,0,4,0,0,0,0,0,5,6,0,0,0,0,0,1,0,0,1,0,0,1,0,0,0
0,0,0,0,0,0,0,0,0,11,0,0,9,0,0,0,1,0,0,1,0,0,1,0,0,0
0,0,0,1,0,0,0,0,0,11,0,0,4,0,0,0,1,0,0,1,0,0,1,0,0,0
0,0,0,0,0,0,0,0,0,10,11,0,1,0,0,0,1,0,0,1,0,0,1,0,0,0
0,0,0,0,0,0,0,0,0,11,16,0,1,0,0,0,1,0,0,1,0,0,1,0,0,0
0,0,0,0,0,0,0,0,0,6,10,0,2,0,0,0,1,0,0,1,0,0,1,0,0,0
0,0,0,0,0,0,0,0,0,13,0,0,1,0,0,0,1,0,0,1,0,0,1,0,0,0
0,0,0,0,0,0,0,0,0,2,1,0,2,0,0,0,1,0,0,1,0,0,1,0,0,0
0,0,0,2,0,0,0,0,0,2,14,0,0,0,0,0,1,0,0,1,0,0,1,0,0,0
0,0,0,0,0,0,0,0,0,2,0,0,5,0,0,0,1,0,0,1,0,0,1,0,0,0
0,0,0,2,0,0,0,0,0,0,19,0,0,0,0,0,1,0,0,1,0,0,1,0,0,0
0,0,0,1,0,0,0,0,0,23,8,0,0,0,0,0,1,0,0,1,0,0,1,0,0,0
0,0,0,3,0,0,0,0,0,5,4,0,1,0,0,0,1,0,0,1,0,0,1,0,0,0
0,0,0,1,0,0,0,0,0,1,5,0,6,0,0,0,1,0,0,1,0,0,1,0,0,0
0,0,0,1,0,0,0,0,0,2,20,0,0,0,0,0,1,0,0,1,0,0,1,0,0,0
0,0,0,0,0,0,0,0,0,1,7,0,3,0,0,0,1,0,0,1,0,0,1,0,0,0
0,0,0,0,0,0,0,0,0,4,0,0,2,0,0,0,1,0,0,1,0,0,1,0,0,0
0,0,0,2,0,0,0,0,0,6,21,0,0,0,0,0,1,0,0,1,0,0,1,0,0,0
0,0,0,3,0,0,0,0,0,5,22,0,0,0,0,0,1,0,0,1,0,0,1,0,0,0
0,0,0,2,0,0,0,0,0,3,5,0,0,0,0,0,1,0,0,1,0,0,1,0,0,0
0,0,0,0,0,0,0,0,0,6,17,0,2,0,0,0,1,0,0,1,0,0,1,0,0,0
0,0,0,2,0,0,0,0,0,0,4,0,0,0,0,0,1,0,0,1,0,0,1,0,0,0
0,0,0,2,0,0,0,0,0,2,4,0,0,0,0,0,1,0,0,1,0,0,1,0,0,0
0,0,0,0,0,0,0,0,0,0,42,0,1,0,0,0,1,0,0,1,0,0,1,0,0,0
0,0,0,1,0,0,0,0,0,9,0,0,2,0,0,0,1,0,0,1,0,0,1,0,0,0
0,0,0,0,0,0,0,0,0,18,0,0,1,0,0,0,1,0,0,1,0,0,1,0,0,0
0,0,0,0,0,0,0,0,0,0,4,0,1,0,0,0,1,0,0,1,0,0,1,0,0,0
0,0,0,2,0,0,0,0,0,9,10,0,0,0,0,0,1,0,0,1,0,0,1,0,0,0
0,0,0,3,0,0,0,0,0,0,2,0,0,0,0,0,1,0,0,1,0,0,1,0,0,0
0,0,0,1,0,0,0,0,0,3,16,0,0,0,0,0,1,0,0,1,0,0,1,0,0,0
0,0,0,0,0,0,0,0,0,22,0,0,2,0,0,0,1,0,0,1,0,0,1,0,0,0
0,0,0,1,0,0,0,0,0,0,25,0,0,0,0,0,1,0,0,1,0,0,1,0,0,0
0,0,0,2,0,0,0,0,0,2,9,0,0,0,0,0,1,0,0,1,0,0,1,0,0,0
0,0,0,2,0,0,0,0,0,0,36,0,0,0,0,0,1,0,0,1,0,0,1,0,0,0
0,0,0,1,0,0,0,0,0,0,1,0,0,0,0,0,1,0,0,1,0,0,1,0,0,0
0,0,0,4,0,0,0,0,0,9,1,0,2,0,0,0,1,0,0,1,0,0,1,0,0,0
0,0,0,1,0,0,0,0,0,1,4,0,5,0,0,0,1,0,0,1,0,0,1,0,0,0
0,0,0,0,0,0,0,0,0,0,4,0,3,0,0,0,1,0,0,1,0,0,1,0,0,0
0,0,0,1,0,0,0,0,0,1,24,0,0,0,0,0,1,0,0,1,0,0,1,0,0,0
0,0,0,0,0,0,0,0,0,0,22,0,2,0,0,0,1,0,0,1,0,0,1,0,0,0
0,0,0,1,0,0,0,0,0,4,12,0,3,0,0,0,1,0,0,1,0,0,1,0,0,0
0,0,0,1,0,0,0,0,0,7,5,0,0,0,0,0,1,0,0,1,0,0,1,0,0,0
0,0,0,3,0,0,0,0,0,1,5,0,0,0,0,0,1,0,0,1,0,0,1,0,0,0
0,0,0,2,0,0,0,0,0,0,9,0,0,0,0,0,1,0,0,1,0,0,1,0,0,0
0,0,0,0,0,0,0,0,0,1,3,0,1,0,0,0,1,0,0,1,0,0,1,0,0,0
0,0,0,0,0,0,0,0,0,6,4,0,2,0,0,0,1,0,0,1,0,0,1,0,0,0
0,0,0,3,0,0,0,0,0,8,14,0,0,0,0,0,1,0,0,1,0,0,1,0,0,0
0,0,0,0,0,0,0,0,0,0,2,0,1,0,0,0,1,0,0,1,0,0,1,0,0,0
0,0,0,0,0,0,0,0,0,10,3,0,1,0,0,0,1,0,0,1,0,0,1,0,0,0
0,0,0,1,0,0,0,0,0,6,8,0,0,0,0,0,1,0,0,1,0,0,1,0,0,0
0,0,0,0,0,0,0,0,0,0,5,0,1,0,0,0,1,0,0,1,0,0,1,0,0,0
0,0,0,0,0,0,0,0,0,0,4,0,10,0,0,0,1,0,0,1,0,0,1,0,0,0
0,0,0,2,0,0,0,0,0,1,6,0,1,0,0,0,1,0,0,1,0,0,1,0,0,0
0,0,0,5,0,0,0,0,0,7,3,0,0,0,0,0,1,0,0,1,0,0,1,0,0,0
0,0,0,0,0,0,0,0,0,1,25,0,2,0,0,0,1,0,0,1,0,0,1,0,0,0
0,0,0,0,0,0,0,0,0,7,1,0,2,0,0,0,1,0,0,1,0,0,1,0,0,0
0,0,0,0,0,0,0,0,0,12,0,0,4,0,0,0,1,0,0,1,0,0,1,0,0,0
0,0,0,0,0,0,0,0,0,1,2,0,1,0,0,0,1,0,0,1,0,0,1,0,0,0
0,0,0,0,0,0,0,0,0,14,27,0,3,0,0,0,1,0,0,1,0,0,1,0,0,0
0,0,0,1,0,0,0,0,0,16,5,0,0,0,0,0,1,0,0,1,0,0,1,0,0,0
0,0,0,2,0,0,0,0,0,3,6,0,0,0,0,0,1,0,0,1,0,0,1,0,0,0
0,0,0,0,0,0,0,0,0,2,8,0,2,0,0,0,1,0,0,1,0,0,1,0,0,0
0,0,0,3,0,0,0,0,0,4,22,0,1,0,0,0,1,0,0,1,0,0,1,0,0,0
0,0,0,6,0,0,0,0,0,6,18,0,0,0,0,0,1,0,0,1,0,0,1,0,0,0
0,0,0,1,0,0,0,0,0,1,23,0,2,0,0,0,1,0,0,1,0,0,1,0,0,0
0,0,0,2,0,0,0,0,0,7,0,0,4,0,0,0,1,0,0,1,0,0,1,0,0,0
0,0,0,0,0,0,0,0,0,2,6,0,1,0,0,0,1,0,0,1,0,0,1,0,0,0
0,0,0,2,0,0,0,0,0,2,12,0,0,0,0,0,1,0,0,1,0,0,1,0,0,0
0,0,0,3,0,0,0,0,0,21,36,0,6,0,0,0,1,0,0,1,0,0,1,0,0,0
0,0,0,0,0,0,0,0,0,3,6,0,2,0,0,0,1,0,0,1,0,0,1,0,0,0
0,0,0,1,0,0,0,0,0,4,13,0,0,0,0,0,1,0,0,1,0,0,1,0,0,0
0,0,0,1,0,0,0,0,0,2,50,0,0,0,0,0,1,0,0,1,0,0,1,0,0,0
0,0,0,0,0,0,0,0,0,7,0,0,8,0,0,0,1,0,0,1,0,0,1,0,0,0
0,0,0,3,0,0,0,0,0,6,22,0,0,0,0,0,1,0,0,1,0,0,1,0,0,0
0,0,0,1,0,0,0,0,0,1,4,0,0,0,0,0,1,0,0,1,0,0,1,0,0,0
0,0,0,1,0,0,0,0,0,1,22,0,0,0,0,0,1,0,0,1,0,0,1,0,0,0
0,0,0,0,0,0,0,0,0,2,16,0,4,0,0,0,1,0,0,1,0,0,1,0,0,0
0,0,0,1,0,0,0,0,0,2,9,0,0,0,0,0,1,0,0,1,0,0,1,0,0,0
0,0,0,0,0,0,0,0,0,9,7,0,2,0,0,0,1,0,0,1,0,0,1,0,0,0
0,0,0,0,0,0,0,0,0,1,5,0,1,0,0,0,1,0,0,1,0,0,1,0,0,0
0,0,0,4,0,0,0,0,0,2,1,0,0,0,0,0,1,0,0,1,0,0,1,0,0,0
0,0,0,1,0,0,0,0,0,5,13,0,0,0,0,0,1,0,0,1,0,0,1,0,0,0
0,0,0,0,0,0,0,0,0,4,2,0,1,0,0,0,1,0,0,1,0,0,1,0,0,0
0,0,0,2,0,0,0,0,0,5,6,0,0,0,0,0,1,0,0,1,0,0,1,0,0,0
0,0,0,3,0,0,0,0,0,8,3,0,0,0,0,0,1,0,0,1,0,0,1,0,0,0
0,0,0,1,0,0,0,0,0,6,15,0,0,0,0,0,1,0,0,1,0,0,1,0,0,0
0,0,0,0,0,0,0,0,0,3,9,0,1,0,0,0,1,0,0,1,0,0,1,0,0,0
0,0,0,1,0,0,0,0,0,3,9,0,0,0,0,0,1,0,0,1,0,0,1,0,0,0
0,0,0,0,0,0,0,0,0,16,1,0,3,0,0,0,1,0,0,1,0,0,1,0,0,0
0,0,0,0,0,0,0,0,0,8,2,0,1,0,0,0,1,0,0,1,0,0,1,0,0,0
0,0,0,2,0,0,0,0,0,1,5,0,1,0,0,0,1,0,0,1,0,0,1,0,0,0
0,0,0,0,0,0,0,0,0,1,0,0,6,0,0,0,1,0,0,1,0,0,1,0,0,0
0,0,0,0,0,0,0,0,0,6,1,0,5,0,0,0,1,0,0,1,0,0,1,0,0,0
0,0,0,0,0,0,0,0,0,5,18,0,2,0,0,0,1,0,0,1,0,0,1,0,0,0
0,0,0,1,0,0,0,0,0,24,1,0,0,0,0,0,1,0,0,1,0,0,1,0,0,0
0,0,0,0,0,0,0,0,0,6,45,0,5,0,0,0,1,0,0,1,0,0,1,0,0,0
0,0,0,0,0,0,0,0,0,1,4,0,3,0,0,0,1,0,0,1,0,0,1,0,0,0
0,0,0,0,0,0,0,0,0,0,1,0,2,0,0,0,1,0,0,1,0,0,1,0,0,0
0,0,0,4,0,0,0,0,0,7,2,0,0,0,0,0,1,0,0,1,0,0,1,0,0,0
0,0,0,0,0,0,0,0,0,1,3,0,2,0,0,0,1,0,0,1,0,0,1,0,0,0
0,0,0,0,0,0,0,0,0,3,12,0,1,0,0,0,1,0,0,1,0,0,1,0,0,0
0,0,0,1,0,0,0,0,0,0,11,0,0,0,0,0,1,0,0,1,0,0,1,0,0,0
0,0,0,4,0,0,0,0,0,3,11,0,0,0,0,0,1,0,0,1,0,0,1,0,0,0
0,0,0,1,0,0,0,0,0,10,6,0,0,0,0,0,1,0,0,1,0,0,1,0,0,0
0,0,0,3,0,0,0,0,0,4,22,0,2,0,0,0,1,0,0,1,0,0,1,0,0,0
0,0,0,1,0,0,0,0,0,3,0,0,2,0,0,0,1,0,0,1,0,0,1,0,0,0
0,0,0,4,0,0,0,0,0,1,3,0,1,0,0,0,1,0,0,1,0,0,1,0,0,0
0,0,0,1,0,0,0,0,0,2,6,0,2,0,0,0,1,0,0,1,0,0,1,0,0,0
0,0,0,1,0,0,0,0,0,16,5,0,0,0,0,0,1,0,0,1,0,0,1,0,0,0
0,0,0,0,0,0,0,0,0,0,14,0,1,0,0,0,1,0,0,1,0,0,1,0,0,0
0,0,0,0,0,0,0,0,0,1,16,0,1,0,0,0,1,0,0,1,0,0,1,0,0,0
0,0,0,1,0,0,0,0,0,0,2,0,3,0,0,0,1,0,0,1,0,0,1,0,0,0
0,0,0,1,0,0,0,0,0,10,15,0,0,0,0,0,1,0,0,1,0,0,1,0,0,0
0,0,0,1,0,0,0,0,0,1,16,0,0,0,0,0,1,0,0,1,0,0,1,0,0,0
0,0,0,0,0,0,0,0,0,10,9,0,4,0,0,0,1,0,0,1,0,0,1,0,0,0
0,0,0,0,0,0,0,0,0,2,12,0,5,0,0,0,1,0,0,1,0,0,1,0,0,0
0,0,0,0,0,0,0,0,0,0,1,0,2,0,0,0,1,0,0,1,0,0,1,0,0,0
0,0,0,0,0,0,0,0,0,0,1,0,3,0,0,0,1,0,0,1,0,0,1,0,0,0
0,0,0,0,0,0,0,0,0,8,6,0,10,0,0,0,1,0,0,1,0,0,1,0,0,0
0,0,0,2,0,0,0,0,0,1,11,0,0,0,0,0,1,0,0,1,0,0,1,0,0,0
0,0,0,0,0,0,0,0,0,1,5,0,1,0,0,0,1,0,0,1,0,0,1,0,0,0
0,0,0,0,0,0,0,0,0,2,21,0,7,0,0,0,1,0,0,1,0,0,1,0,0,0
0,0,0,0,0,0,0,0,0,3,0,0,1,0,0,0,1,0,0,1,0,0,1,0,0,0
0,0,0,0,0,0,0,0,0,1,3,0,4,0,0,0,1,0,0,1,0,0,1,0,0,0
0,0,0,0,0,0,0,0,0,2,10,0,3,0,0,0,1,0,0,1,0,0,1,0,0,0
0,0,0,0,0,0,0,0,0,15,6,0,3,0,0,0,1,0,0,1,0,0,1,0,0,0
0,0,0,0,0,0,0,0,0,1,10,0,1,0,0,0,1,0,0,1,0,0,1,0,0,0
0,0,0,0,0,0,0,0,0,0,18,0,7,0,0,0,1,0,0,1,0,0,1,0,0,0
0,0,0,0,0,0,0,0,0,2,21,0,1,0,0,0,1,0,0,1,0,0,1,0,0,0
0,0,0,1,0,0,0,0,0,2,1,0,0,0,0,0,1,0,0,1,0,0,1,0,0,0
0,0,0,0,0,0,0,0,0,9,17,0,2,0,0,0,1,0,0,1,0,0,1,0,0,0
0,0,0,2,0,0,0,0,0,1,2,0,1,0,0,0,1,0,0,1,0,0,1,0,0,0
0,0,0,0,0,0,0,0,0,1,15,0,1,0,0,0,1,0,0,1,0,0,1,0,0,0
0,0,0,2,0,0,0,0,0,2,36,0,0,0,0,0,1,0,0,1,0,0,1,0,0,0
0,0,0,2,0,0,0,0,0,8,0,0,1,0,0,0,1,0,0,1,0,0,1,0,0,0
0,0,0,2,0,0,0,0,0,2,10,0,0,0,0,0,1,0,0,1,0,0,1,0,0,0
0,0,0,2,0,0,0,0,0,4,11,0,0,0,0,0,1,0,0,1,0,0,1,0,0,0
0,0,0,1,0,0,0,0,0,5,11,0,0,0,0,0,1,0,0,1,0,0,1,0,0,0
0,0,0,0,0,0,0,0,0,10,5,0,7,0,0,0,1,0,0,1,0,0,1,0,0,0
0,0,0,0,0,0,0,0,0,2,13,0,1,0,0,0,1,0,0,1,0,0,1,0,0,0
0,0,0,0,0,0,0,0,0,2,10,0,1,0,0,0,1,0,0,1,0,0,1,0,0,0
0,0,0,1,0,0,0,0,0,0,27,0,0,0,0,0,1,0,0,1,0,0,1,0,0,0
0,0,0,0,0,0,0,0,0,0,5,0,3,0,0,0,1,0,0,1,0,0,1,0,0,0
0,0,0,0,0,0,0,0,0,11,5,0,2,0,0,0,1,0,0,1,0,0,1,0,0,0
0,0,0,0,0,0,0,0,0,3,12,0,1,0,0,0,1,0,0,1,0,0,1,0,0,0
0,0,0,0,0,0,0,0,0,2,5,0,1,0,0,0,1,0,0,1,0,0,1,0,0,0
0,0,0,0,0,0,0,0,0,0,9,0,2,0,0,0,1,0,0,1,0,0,1,0,0,0
0,0,0,1,0,0,0,0,0,2,5,0,0,0,0,0,1,0,0,1,0,0,1,0,0,0
0,0,0,1,0,0,0,0,0,8,3,0,0,0,0,0,1,0,0,1,0,0,1,0,0,0
0,0,0,0,0,0,0,0,0,0,4,0,6,0,0,0,1,0,0,1,0,0,1,0,0,0
0,0,0,0,0,0,0,0,0,6,27,0,2,0,0,0,1,0,0,1,0,0,1,0,0,0
0,0,0,1,0,0,0,0,0,1,22,0,0,0,0,0,1,0,0,1,0,0,1,0,0,0
0,0,0,0,0,0,0,0,0,3,7,0,2,0,0,0,1,0,0,1,0,0,1,0,0,0
0,0,0,1,0,0,0,0,0,1,0,0,2,0,0,0,1,0,0,1,0,0,1,0,0,0
0,0,0,0,0,0,0,0,0,6,8,0,1,0,0,0,1,0,0,1,0,0,1,0,0,0
0,0,0,1,0,0,0,0,0,5,16,0,0,0,0,0,1,0,0,1,0,0,1,0,0,0
0,0,0,1,0,0,0,0,0,8,3,0,0,0,0,0,1,0,0,1,0,0,1,0,0,0
0,0,0,1,0,0,0,0,0,0,9,0,0,0,0,0,1,0,0,1,0,0,1,0,0,0
0,0,0,4,0,0,0,0,0,0,2,0,0,0,0,0,1,0,0,1,0,0,1,0,0,0
0,0,0,0,0,0,0,0,0,4,0,0,2,0,0,0,1,0,0,1,0,0,1,0,0,0
0,0,0,0,0,0,0,0,0,1,2,0,3,0,0,0,1,0,0,1,0,0,1,0,0,0
0,0,0,0,0,0,0,0,0,0,2,0,5,0,0,0,1,0,0,1,0,0,1,0,0,0
0,0,0,3,0,0,0,0,0,1,5,0,0,0,0,0,1,0,0,1,0,0,1,0,0,0
0,0,0,0,0,0,0,0,0,8,0,0,2,0,0,0,1,0,0,1,0,0,1,0,0,0
0,0,0,5,0,0,0,0,0,25,5,0,0,0,0,0,1,0,0,1,0,0,1,0,0,0
0,0,0,3,0,0,0,0,0,4,1,0,0,0,0,0,1,0,0,1,0,0,1,0,0,0
0,0,0,3,0,0,0,0,0,1,3,0,0,0,0,0,1,0,0,1,0,0,1,0,0,0
0,0,0,0,0,0,0,0,0,5,16,0,1,0,0,0,1,0,0,1,0,0,1,0,0,0
0,0,0,0,0,0,0,0,0,10,5,0,1,0,0,0,1,0,0,1,0,0,1,0,0,0
0,0,0,0,0,0,0,0,0,2,35,0,1,0,0,0,1,0,0,1,0,0,1,0,0,0
0,0,0,0,0,0,0,0,0,1,10,0,1,0,0,0,1,0,0,1,0,0,1,0,0,0
0,0,0,1,0,0,0,0,0,0,11,0,0,0,0,0,1,0,0,1,0,0,1,0,0,0
0,0,0,0,0,0,0,0,0,1,6,0,3,0,0,0,1,0,0,1,0,0,1,0,0,0
0,0,0,1,0,0,0,0,0,2,1,0,2,0,0,0,1,0,0,1,0,0,1,0,0,0
0,0,0,0,0,0,0,0,0,1,5,0,1,0,0,0,1,0,0,1,0,0,1,0,0,0
0,0,0,1,0,0,0,0,0,1,0,0,4,0,0,0,1,0,0,1,0,0,1,0,0,0
0,0,0,0,0,0,0,0,0,5,3,0,5,0,0,0,1,0,0,1,0,0,1,0,0,0
0,0,0,0,0,0,0,0,0,0,16,0,1,0,0,0,1,0,0,1,0,0,1,0,0,0
0,0,0,3,0,0,0,0,0,0,3,0,0,0,0,0,1,0,0,1,0,0,1,0,0,0
0,0,0,3,0,0,0,0,0,5,1,0,0,0,0,0,1,0,0,1,0,0,1,0,0,0
0,0,0,2,0,0,0,0,0,2,11,0,0,0,0,0,1,0,0,1,0,0,1,0,0,0
0,0,0,2,0,0,0,0,0,7,20,0,0,0,0,0,1,0,0,1,0,0,1,0,0,0
0,0,0,0,0,0,0,0,0,6,4,0,2,0,0,0,1,0,0,1,0,0,1,0,0,0
0,0,0,0,0,0,0,0,0,4,1,0,4,0,0,0,1,0,0,1,0,0,1,0,0,0
0,0,0,2,0,0,0,0,0,2,3,0,0,0,0,0,1,0,0,1,0,0,1,0,0,0
0,0,0,0,0,0,0,0,0,3,1,0,3,0,0,0,1,0,0,1,0,0,1,0,0,0
0,0,0,0,0,0,0,0,0,5,4,0,1,0,0,0,1,0,0,1,0,0,1,0,0,0
0,0,0,0,0,0,0,0,0,1,5,0,10,0,0,0,1,0,0,1,0,0,1,0,0,0
0,0,0,0,0,0,0,0,0,6,8,0,1,0,0,0,1,0,0,1,0,0,1,0,0,0
0,0,0,0,0,0,0,0,0,0,2,0,3,0,0,0,1,0,0,1,0,0,1,0,0,0
0,0,0,3,0,0,0,0,0,3,5,0,1,0,0,0,1,0,0,1,0,0,1,0,0,0
0,0,0,0,0,0,0,0,0,21,5,0,3,0,0,0,1,0,0,1,0,0,1,0,0,0
0,0,0,2,0,0,0,0,0,7,18,0,1,0,0,0,1,0,0,1,0,0,1,0,0,0
0,0,0,0,0,0,0,0,0,0,14,0,1,0,0,0,1,0,0,1,0,0,1,0,0,0
0,0,0,4,0,0,0,0,0,0,4,0,0,0,0,0,1,0,0,1,0,0,1,0,0,0
0,0,0,0,0,0,0,0,0,3,2,0,8,0,0,0,1,0,0,1,0,0,1,0,0,0
0,0,0,2,0,0,0,0,0,2,6,0,0,0,0,0,1,0,0,1,0,0,1,0,0,0
0,0,0,2,0,0,0,0,0,4,1,0,0,0,0,0,1,0,0,1,0,0,1,0,0,0
0,0,0,0,0,0,0,0,0,3,8,0,3,0,0,0,1,0,0,1,0,0,1,0,0,0
0,0,0,0,0,0,0,0,0,2,0,0,3,0,0,0,1,0,0,1,0,0,1,0,0,0
0,0,0,0,0,0,0,0,0,1,0,0,4,0,0,0,1,0,0,1,0,0,1,0,0,0
0,0,0,0,0,0,0,0,0,1,19,0,1,0,0,0,1,0,0,1,0,0,1,0,0,0
0,0,0,1,0,0,0,0,0,5,30,0,0,0,0,0,1,0,0,1,0,0,1,0,0,0
0,0,0,0,0,0,0,0,0,2,14,0,11,0,0,0,1,0,0,1,0,0,1,0,0,0
0,0,0,0,0,0,0,0,0,10,13,0,1,0,0,0,1,0,0,1,0,0,1,0,0,0
0,0,0,6,0,0,0,0,0,11,6,0,0,0,0,0,1,0,0,1,0,0,1,0,0,0
0,0,0,1,0,0,0,0,0,2,1,0,0,0,0,0,1,0,0,1,0,0,1,0,0,0
0,0,0,0,0,0,0,0,0,1,8,0,1,0,0,0,1,0,0,1,0,0,1,0,0,0
0,0,0,0,0,0,0,0,0,1,4,0,5,0,0,0,1,0,0,1,0,0,1,0,0,0
0,0,0,3,0,0,0,0,0,4,1,0,2,0,0,0,1,0,0,1,0,0,1,0,0,0
0,0,0,0,0,0,0,0,0,2,5,0,6,0,0,0,1,0,0,1,0,0,1,0,0,0
0,0,0,0,0,0,0,0,0,3,11,0,1,0,0,0,1,0,0,1,0,0,1,0,0,0
0,0,0,1,0,0,0,0,0,4,5,0,0,0,0,0,1,0,0,1,0,0,1,0,0,0
0,0,0,1,0,0,0,0,0,0,13,0,0,0,0,0,1,0,0,1,0,0,1,0,0,0
0,0,0,0,0,0,0,0,0,8,0,0,4,0,0,0,1,0,0,1,0,0,1,0,0,0
0,0,0,0,0,0,0,0,0,0,3,0,1,0,0,0,1,0,0,1,0,0,1,0,0,0
0,0,0,1,0,0,0,0,0,5,2,0,0,0,0,0,1,0,0,1,0,0,1,0,0,0
0,0,0,3,0,0,0,0,0,1,19,0,0,0,0,0,1,0,0,1,0,0,1,0,0,0
0,0,0,2,0,0,0,0,0,4,11,0,0,0,0,0,1,0,0,1,0,0,1,0,0,0
0,0,0,3,0,0,0,0,0,4,5,0,0,0,0,0,1,0,0,1,0,0,1,0,0,0
0,0,0,1,0,0,0,0,0,15,0,0,5,0,0,0,1,0,0,1,0,0,1,0,0,0
0,0,0,0,0,0,0,0,0,8,14,0,6,0,0,0,1,0,0,1,0,0,1,0,0,0
0,0,0,2,0,0,0,0,0,0,15,0,0,0,0,0,1,0,0,1,0,0,1,0,0,0
0,0,0,3,0,0,0,0,0,0,45,0,0,0,0,0,1,0,0,1,0,0,1,0,0,0
0,0,0,0,0,0,0,0,0,1,13,0,3,0,0,0,1,0,0,1,0,0,1,0,0,0
0,0,0,3,0,0,0,0,0,0,3,0,0,0,0,0,1,0,0,1,0,0,1,0,0,0
0,0,0,0,0,0,0,0,0,4,2,0,7,0,0,0,1,0,0,1,0,0,1,0,0,0
0,0,0,2,0,0,0,0,0,4,14,0,1,0,0,0,1,0,0,1,0,0,1,0,0,0
0,0,0,0,0,0,0,0,0,4,10,0,2,0,0,0,1,0,0,1,0,0,1,0,0,0
0,0,0,0,0,0,0,0,0,6,10,0,1,0,0,0,1,0,0,1,0,0,1,0,0,0
0,0,0,3,0,0,0,0,0,3,21,0,0,0,0,0,1,0,0,1,0,0,1,0,0,0
0,0,0,1,0,0,0,0,0,0,1,0,0,0,0,0,1,0,0,1,0,0,1,0,0,0
0,0,0,2,0,0,0,0,0,4,2,0,0,0,0,0,1,0,0,1,0,0,1,0,0,0
0,0,0,2,0,0,0,0,0,1,13,0,0,0,0,0,1,0,0,1,0,0,1,0,0,0
0,0,0,0,0,0,0,0,0,5,0,0,3,0,0,0,1,0,0,1,0,0,1,0,0,0
0,0,0,1,0,0,0,0,0,16,21,0,0,0,0,0,1,0,0,1,0,0,1,0,0,0
0,0,0,0,0,0,0,0,0,14,24,0,1,0,0,0,1,0,0,1,0,0,1,0,0,0
0,0,0,1,0,0,0,0,0,7,4,0,0,0,0,0,1,0,0,1,0,0,1,0,0,0
0,0,0,0,0,0,0,0,0,5,33,0,3,0,0,0,1,0,0,1,0,0,1,0,0,0
0,0,0,0,0,0,0,0,0,1,0,0,1,0,0,0,1,0,0,1,0,0,1,0,0,0
0,0,0,0,0,0,0,0,0,1,47,0,3,0,0,0,1,0,0,1,0,0,1,0,0,0
0,0,0,0,0,0,0,0,0,2,0,0,9,0,0,0,1,0,0,1,0,0,1,0,0,0
0,0,0,0,0,0,0,0,0,3,20,0,3,0,0,0,1,0,0,1,0,0,1,0,0,0
0,0,0,2,0,0,0,0,0,1,0,0,1,0,0,0,1,0,0,1,0,0,1,0,0,0
0,0,0,0,0,0,0,0,0,0,10,0,1,0,0,0,1,0,0,1,0,0,1,0,0,0
0,0,0,0,0,0,0,0,0,5,2,0,1,0,0,0,1,0,0,1,0,0,1,0,0,0
0,0,0,0,0,0,0,0,0,3,2,0,1,0,0,0,1,0,0,1,0,0,1,0,0,0
0,0,0,1,0,0,0,0,0,1,26,0,0,0,0,0,1,0,0,1,0,0,1,0,0,0
0,0,0,0,0,0,0,0,0,1,35,0,2,0,0,0,1,0,0,1,0,0,1,0,0,0
0,0,0,0,0,0,0,0,0,2,6,0,2,0,0,0,1,0,0,1,0,0,1,0,0,0
0,0,0,1,0,0,0,0,0,6,2,0,0,0,0,0,1,0,0,1,0,0,1,0,0,0
0,0,0,1,0,0,0,0,0,1,18,0,0,0,0,0,1,0,0,1,0,0,1,0,0,0
0,0,0,1,0,0,0,0,0,1,4,0,3,0,0,0,1,0,0,1,0,0,1,0,0,0
0,0,0,0,0,0,0,0,0,2,0,0,2,0,0,0,1,0,0,1,0,0,1,0,0,0
0,0,0,1,0,0,0,0,0,1,5,0,0,0,0,0,1,0,0,1,0,0,1,0,0,0
0,0,0,0,0,0,0,0,0,3,17,0,2,0,0,0,1,0,0,1,0,0,1,0,0,0
0,0,0,2,0,0,0,0,0,1,12,0,1,0,0,0,1,0,0,1,0,0,1,0,0,0
0,0,0,0,0,0,0,0,0,2,16,0,2,0,0,0,1,0,0,1,0,0,1,0,0,0
0,0,0,1,0,0,0,0,0,6,3,0,0,0,0,0,1,0,0,1,0,0,1,0,0,0
0,0,0,0,0,0,0,0,0,2,8,0,1,0,0,0,1,0,0,1,0,0,1,0,0,0
0,0,0,3,0,0,0,0,0,13,8,0,2,0,0,0,1,0,0,1,0,0,1,0,0,0
0,0,0,0,0,0,0,0,0,0,7,0,1,0,0,0,1,0,0,1,0,0,1,0,0,0
0,0,0,2,0,0,0,0,0,0,5,0,0,0,0,0,1,0,0,1,0,0,1,0,0,0
0,0,0,0,0,0,0,0,0,0,1,0,5,0,0,0,1,0,0,1,0,0,1,0,0,0
0,0,0,2,0,0,0,0,0,8,2,0,0,0,0,0,1,0,0,1,0,0,1,0,0,0
0,0,0,0,0,0,0,0,0,5,1,0,5,0,0,0,1,0,0,1,0,0,1,0,0,0
0,0,0,0,0,0,0,0,0,5,7,0,2,0,0,0,1,0,0,1,0,0,1,0,0,0
0,0,0,3,0,0,0,0,0,4,20,0,0,0,0,0,1,0,0,1,0,0,1,0,0,0
0,0,0,0,0,0,0,0,0,2,3,0,2,0,0,0,1,0,0,1,0,0,1,0,0,0
0,0,0,0,0,0,0,0,0,8,1,0,3,0,0,0,1,0,0,1,0,0,1,0,0,0
0,0,0,0,0,0,0,0,0,4,1,0,4,0,0,0,1,0,0,1,0,0,1,0,0,0
0,0,0,1,0,0,0,0,0,5,9,0,0,0,0,0,1,0,0,1,0,0,1,0,0,0
0,0,0,1,0,0,0,0,0,2,3,0,0,0,0,0,1,0,0,1,0,0,1,0,0,0
0,0,0,0,0,0,0,0,0,12,7,0,1,0,0,0,1,0,0,1,0,0,1,0,0,0
0,0,0,1,0,0,0,0,0,12,51,0,0,0,0,0,1,0,0,1,0,0,1,0,0,0
0,0,0,0,0,0,0,0,0,0,5,0,7,0,0,0,1,0,0,1,0,0,1,0,0,0
0,0,0,2,0,0,0,0,0,4,13,0,4,0,0,0,1,0,0,1,0,0,1,0,0,0
0,0,0,0,0,0,0,0,0,5,34,0,2,0,0,0,1,0,0,1,0,0,1,0,0,0
0,0,0,0,0,0,0,0,0,8,3,0,5,0,0,0,1,0,0,1,0,0,1,0,0,0
0,0,0,2,0,0,0,0,0,1,4,0,0,0,0,0,1,0,0,1,0,0,1,0,0,0
0,0,0,3,0,0,0,0,0,1,6,0,0,0,0,0,1,0,0,1,0,0,1,0,0,0
0,0,0,3,0,0,0,0,0,3,5,0,0,0,0,0,1,0,0,1,0,0,1,0,0,0
0,0,0,1,0,0,0,0,0,1,0,0,5,0,0,0,1,0,0,1,0,0,1,0,0,0
0,0,0,0,0,0,0,0,0,5,0,0,3,0,0,0,1,0,0,1,0,0,1,0,0,0
0,0,0,0,0,0,0,0,0,25,9,0,2,0,0,0,1,0,0,1,0,0,1,0,0,0
0,0,0,2,0,0,0,0,0,9,6,0,0,0,0,0,1,0,0,1,0,0,1,0,0,0
0,0,0,2,0,0,0,0,0,8,2,0,0,0,0,0,1,0,0,1,0,0,1,0,0,0
0,0,0,1,0,0,0,0,0,0,20,0,0,0,0,0,1,0,0,1,0,0,1,0,0,0
0,0,0,1,0,0,0,0,0,2,6,0,0,0,0,0,1,0,0,1,0,0,1,0,0,0
0,0,0,0,0,0,0,0,0,6,1,0,6,0,0,0,1,0,0,1,0,0,1,0,0,0
0,0,0,0,0,0,0,0,0,0,38,0,4,0,0,0,1,0,0,1,0,0,1,0,0,0
0,0,0,0,0,0,0,0,0,4,11,0,1,0,0,0,1,0,0,1,0,0,1,0,0,0
0,0,0,0,0,0,0,0,0,8,11,0,6,0,0,0,1,0,0,1,0,0,1,0,0,0
0,0,0,1,0,0,0,0,0,1,5,0,3,0,0,0,1,0,0,1,0,0,1,0,0,0
0,0,0,0,0,0,0,0,0,0,19,0,1,0,0,0,1,0,0,1,0,0,1,0,0,0
0,0,0,1,0,0,0,0,0,19,9,0,4,0,0,0,1,0,0,1,0,0,1,0,0,0
0,0,0,1,0,0,0,0,0,8,7,0,0,0,0,0,1,0,0,1,0,0,1,0,0,0
0,0,0,3,0,0,0,0,0,1,5,0,2,0,0,0,1,0,0,1,0,0,1,0,0,0
0,0,0,0,0,0,0,0,0,12,1,0,3,0,0,0,1,0,0,1,0,0,1,0,0,0
0,0,0,1,0,0,0,0,0,6,3,0,0,0,0,0,1,0,0,1,0,0,1,0,0,0
0,0,0,0,0,0,0,0,0,3,29,0,9,0,0,0,1,0,0,1,0,0,1,0,0,0
0,0,0,0,0,0,0,0,0,0,16,0,1,0,0,0,1,0,0,1,0,0,1,0,0,0
0,0,0,2,0,0,0,0,0,6,10,0,0,0,0,0,1,0,0,1,0,0,1,0,0,0
0,0,0,1,0,0,0,0,0,4,23,0,4,0,0,0,1,0,0,1,0,0,1,0,0,0
0,0,0,0,0,0,0,0,0,4,6,0,2,0,0,0,1,0,0,1,0,0,1,0,0,0
0,0,0,0,0,0,0,0,0,2,1,0,2,0,0,0,1,0,0,1,0,0,1,0,0,0
0,0,0,0,0,0,0,0,0,0,65,0,3,0,0,0,1,0,0,1,0,0,1,0,0,0
0,0,0,1,0,0,0,0,0,2,13,0,2,0,0,0,1,0,0,1,0,0,1,0,0,0
0,0,0,1,0,0,0,0,0,8,5,0,0,0,0,0,1,0,0,1,0,0,1,0,0,0
0,0,0,2,0,0,0,0,0,16,1,0,0,0,0,0,1,0,0,1,0,0,1,0,0,0
0,0,0,0,0,0,0,0,0,3,2,0,3,0,0,0,1,0,0,1,0,0,1,0,0,0
0,0,0,1,0,0,0,0,0,2,12,0,0,0,0,0,1,0,0,1,0,0,1,0,0,0
0,0,0,0,0,0,0,0,0,1,12,0,3,0,0,0,1,0,0,1,0,0,1,0,0,0
0,0,0,0,0,0,0,0,0,1,0,0,1,0,0,0,1,0,0,1,0,0,1,0,0,0
0,0,0,0,0,0,0,0,0,3,0,0,3,0,0,0,1,0,0,1,0,0,1,0,0,0
0,0,0,1,0,0,0,0,0,9,2,0,0,0,0,0,1,0,0,1,0,0,1,0,0,0
0,0,0,0,0,0,0,0,0,0,23,0,2,0,0,0,1,0,0,1,0,0,1,0,0,0
0,0,0,4,0,0,0,0,0,5,4,0,0,0,0,0,1,0,0,1,0,0,1,0,0,0
0,0,0,5,0,0,0,0,0,0,16,0,0,0,0,0,1,0,0,1,0,0,1,0,0,0
0,0,0,0,0,0,0,0,0,0,24,0,1,0,0,0,1,0,0,1,0,0,1,0,0,0
0,0,0,0,0,0,0,0,0,3,14,0,2,0,0,0,1,0,0,1,0,0,1,0,0,0
0,0,0,0,0,0,0,0,0,1,8,0,2,0,0,0,1,0,0,1,0,0,1,0,0,0
0,0,0,0,0,0,0,0,0,0,3,0,4,0,0,0,1,0,0,1,0,0,1,0,0,0
0,0,0,1,0,0,0,0,0,3,1,0,3,0,0,0,1,0,0,1,0,0,1,0,0,0
0,0,0,0,0,0,0,0,0,1,30,0,9,0,0,0,1,0,0,1,0,0,1,0,0,0
0,0,0,0,0,0,0,0,0,4,8,0,1,0,0,0,1,0,0,1,0,0,1,0,0,0
0,0,0,1,0,0,0,0,0,7,18,0,0,0,0,0,1,0,0,1,0,0,1,0,0,0
0,0,0,1,0,0,0,0,0,11,17,0,0,0,0,0,1,0,0,1,0,0,1,0,0,0
0,0,0,0,0,0,0,0,0,6,7,0,1,0,0,0,1,0,0,1,0,0,1,0,0,0
0,0,0,0,0,0,0,0,0,1,24,0,3,0,0,0,1,0,0,1,0,0,1,0,0,0
0,0,0,2,0,0,0,0,0,4,11,0,0,0,0,0,1,0,0,1,0,0,1,0,0,0
0,0,0,0,0,0,0,0,0,5,3,0,5,0,0,0,1,0,0,1,0,0,1,0,0,0
0,0,0,0,0,0,0,0,0,0,7,0,2,0,0,0,1,0,0,1,0,0,1,0,0,0
0,0,0,0,0,0,0,0,0,5,9,0,4,0,0,0,1,0,0,1,0,0,1,0,0,0
0,0,0,1,0,0,0,0,0,0,8,0,0,0,0,0,1,0,0,1,0,0,1,0,0,0
0,0,0,2,0,0,0,0,0,3,20,0,0,0,0,0,1,0,0,1,0,0,1,0,0,0
0,0,0,0,0,0,0,0,0,17,4,0,1,0,0,0,1,0,0,1,0,0,1,0,0,0
0,0,0,1,0,0,0,0,0,5,1,0,0,0,0,0,1,0,0,1,0,0,1,0,0,0
0,0,0,0,0,0,0,0,0,7,11,0,2,0,0,0,1,0,0,1,0,0,1,0,0,0
0,0,0,3,0,0,0,0,0,0,5,0,0,0,0,0,1,0,0,1,0,0,1,0,0,0
0,0,0,1,0,0,0,0,0,3,6,0,0,0,0,0,1,0,0,1,0,0,1,0,0,0
0,0,0,1,0,0,0,0,0,15,13,0,0,0,0,0,1,0,0,1,0,0,1,0,0,0
0,0,0,0,0,0,0,0,0,2,0,0,1,0,0,0,1,0,0,1,0,0,1,0,0,0
0,0,0,0,0,0,0,0,0,0,9,0,2,0,0,0,1,0,0,1,0,0,1,0,0,0
0,0,0,2,0,0,0,0,0,13,4,0,0,0,0,0,1,0,0,1,0,0,1,0,0,0
0,0,0,4,0,0,0,0,0,0,7,0,0,0,0,0,1,0,0,1,0,0,1,0,0,0
0,0,0,0,0,0,0,0,0,2,27,0,1,0,0,0,1,0,0,1,0,0,1,0,0,0
0,0,0,1,0,0,0,0,0,7,15,0,0,0,0,0,1,0,0,1,0,0,1,0,0,0
0,0,0,3,0,0,0,0,0,0,3,0,0,0,0,0,1,0,0,1,0,0,1,0,0,0
0,0,0,1,0,0,0,0,0,2,3,0,2,0,0,0,1,0,0,1,0,0,1,0,0,0
0,0,0,0,0,0,0,0,0,0,8,0,1,0,0,0,1,0,0,1,0,0,1,0,0,0
0,0,0,0,0,0,0,0,0,0,1,0,2,0,0,0,1,0,0,1,0,0,1,0,0,0
0,0,0,3,0,0,0,0,0,0,7,0,0,0,0,0,1,0,0,1,0,0,1,0,0,0
0,0,0,0,0,0,0,0,0,5,0,0,3,0,0,0,1,0,0,1,0,0,1,0,0,0
0,0,0,0,0,0,0,0,0,2,9,0,1,0,0,0,1,0,0,1,0,0,1,0,0,0
0,0,0,1,0,0,0,0,0,0,20,0,0,0,0,0,1,0,0,1,0,0,1,0,0,0
0,0,0,0,0,0,0,0,0,8,6,0,2,0,0,0,1,0,0,1,0,0,1,0,0,0
0,0,0,4,0,0,0,0,0,3,13,0,0,0,0,0,1,0,0,1,0,0,1,0,0,0
0,0,0,0,0,0,0,0,0,4,13,0,2,0,0,0,1,0,0,1,0,0,1,0,0,0
0,0,0,0,0,0,0,0,0,2,13,0,3,0,0,0,1,0,0,1,0,0,1,0,0,0
0,0,0,4,0,0,0,0,0,14,9,0,0,0,0,0,1,0,0,1,0,0,1,0,0,0
0,0,0,2,0,0,0,0,0,1,17,0,1,0,0,0,1,0,0,1,0,0,1,0,0,0
0,0,0,0,0,0,0,0,0,9,24,0,4,0,0,0,1,0,0,1,0,0,1,0,0,0
0,0,0,0,0,0,0,0,0,1,15,0,3,0,0,0,1,0,0,1,0,0,1,0,0,0
0,0,0,0,0,0,0,0,0,2,12,0,1,0,0,0,1,0,0,1,0,0,1,0,0,0
0,0,0,0,0,0,0,0,0,13,10,0,3,0,0,0,1,0,0,1,0,0,1,0,0,0
0,0,0,6,0,0,0,0,0,2,34,0,0,0,0,0,1,0,0,1,0,0,1,0,0,0
0,0,0,0,0,0,0,0,0,3,15,0,4,0,0,0,1,0,0,1,0,0,1,0,0,0
0,0,0,3,0,0,0,0,0,2,4,0,0,0,0,0,1,0,0,1,0,0,1,0,0,0
0,0,0,0,0,0,0,0,0,0,10,0,1,0,0,0,1,0,0,1,0,0,1,0,0,0
0,0,0,0,0,0,0,0,0,3,22,0,4,0,0,0,1,0,0,1,0,0,1,0,0,0
0,0,0,0,0,0,0,0,0,2,9,0,2,0,0,0,1,0,0,1,0,0,1,0,0,0
0,0,0,0,0,0,0,0,0,3,10,0,1,0,0,0,1,0,0,1,0,0,1,0,0,0
0,0,0,2,0,0,0,0,0,6,9,0,0,0,0,0,1,0,0,1,0,0,1,0,0,0
0,0,0,0,0,0,0,0,0,8,3,0,6,0,0,0,1,0,0,1,0,0,1,0,0,0
0,0,0,1,0,0,0,0,0,1,9,0,3,0,0,0,1,0,0,1,0,0,1,0,0,0
0,0,0,1,0,0,0,0,0,0,20,0,0,0,0,0,1,0,0,1,0,0,1,0,0,0
0,0,0,0,0,0,0,0,0,6,1,0,3,0,0,0,1,0,0,1,0,0,1,0,0,0
0,0,0,0,0,0,0,0,0,1,9,0,7,0,0,0,1,0,0,1,0,0,1,0,0,0
0,0,0,0,0,0,0,0,0,1,5,0,2,0,0,0,1,0,0,1,0,0,1,0,0,0
0,0,0,3,0,0,0,0,0,2,7,0,0,0,0,0,1,0,0,1,0,0,1,0,0,0
0,0,0,1,0,0,0,0,0,0,15,0,0,0,0,0,1,0,0,1,0,0,1,0,0,0
0,0,0,0,0,0,0,0,0,9,0,0,1,0,0,0,1,0,0,1,0,0,1,0,0,0
0,0,0,1,0,0,0,0,0,0,5,0,0,0,0,0,1,0,0,1,0,0,1,0,0,0
0,0,0,1,0,0,0,0,0,0,4,0,5,0,0,0,1,0,0,1,0,0,1,0,0,0
0,0,0,0,0,0,0,0,0,2,25,0,1,0,0,0,1,0,0,1,0,0,1,0,0,0
0,0,0,1,0,0,0,0,0,1,18,0,2,0,0,0,1,0,0,1,0,0,1,0,0,0
0,0,0,1,0,0,0,0,0,18,3,0,0,0,0,0,1,0,0,1,0,0,1,0,0,0
0,0,0,5,0,0,0,0,0,8,3,0,0,0,0,0,1,0,0,1,0,0,1,0,0,0
0,0,0,2,0,0,0,0,0,8,27,0,0,0,0,0,1,0,0,1,0,0,1,0,0,0
0,0,0,1,0,0,0,0,0,3,1,0,0,0,0,0,1,0,0,1,0,0,1,0,0,0
0,0,0,0,0,0,0,0,0,8,21,0,3,0,0,0,1,0,0,1,0,0,1,0,0,0
0,0,0,1,0,0,0,0,0,0,6,0,0,0,0,0,1,0,0,1,0,0,1,0,0,0
0,0,0,0,0,0,0,0,0,1,16,0,2,0,0,0,1,0,0,1,0,0,1,0,0,0
0,0,0,0,0,0,0,0,0,3,13,0,2,0,0,0,1,0,0,1,0,0,1,0,0,0
0,0,0,3,0,0,0,0,0,0,3,0,0,0,0,0,1,0,0,1,0,0,1,0,0,0
0,0,0,1,0,0,0,0,0,0,17,0,0,0,0,0,1,0,0,1,0,0,1,0,0,0
0,0,0,2,0,0,0,0,0,2,3,0,0,0,0,0,1,0,0,1,0,0,1,0,0,0
0,0,0,0,0,0,0,0,0,23,1,0,6,0,0,0,1,0,0,1,0,0,1,0,0,0
0,0,0,0,0,0,0,0,0,6,3,0,4,0,0,0,1,0,0,1,0,0,1,0,0,0
0,0,0,0,0,0,0,0,0,0,24,0,1,0,0,0,1,0,0,1,0,0,1,0,0,0
0,0,0,0,0,0,0,0,0,1,4,0,1,0,0,0,1,0,0,1,0,0,1,0,0,0
0,0,0,0,0,0,0,0,0,2,15,0,2,0,0,0,1,0,0,1,0,0,1,0,0,0
0,0,0,3,0,0,0,0,0,0,3,0,0,0,0,0,1,0,0,1,0,0,1,0,0,0
0,0,0,0,0,0,0,0,0,5,2,0,1,0,0,0,1,0,0,1,0,0,1,0,0,0
0,0,0,1,0,0,0,0,0,1,7,0,0,0,0,0,1,0,0,1,0,0,1,0,0,0
0,0,0,1,0,0,0,0,0,1,3,0,0,0,0,0,1,0,0,1,0,0,1,0,0,0
0,0,0,0,0,0,0,0,0,0,3,0,2,0,0,0,1,0,0,1,0,0,1,0,0,0
0,0,0,3,0,0,0,0,0,2,5,0,0,0,0,0,1,0,0,1,0,0,1,0,0,0
0,0,0,2,0,0,0,0,0,2,8,0,0,0,0,0,1,0,0,1,0,0,1,0,0,0
0,0,0,2,0,0,0,0,0,6,0,0,1,0,0,0,1,0,0,1,0,0,1,0,0,0
0,0,0,0,0,0,0,0,0,0,3,0,1,0,0,0,1,0,0,1,0,0,1,0,0,0
0,0,0,0,0,0,0,0,0,15,36,0,2,0,0,0,1,0,0,1,0,0,1,0,0,0
0,0,0,0,0,0,0,0,0,7,3,0,10,0,0,0,1,0,0,1,0,0,1,0,0,0
0,0,0,1,0,0,0,0,0,0,9,0,0,0,0,0,1,0,0,1,0,0,1,0,0,0
0,0,0,2,0,0,0,0,0,10,19,0,0,0,0,0,1,0,0,1,0,0,1,0,0,0
0,0,0,0,0,0,0,0,0,1,2,0,8,0,0,0,1,0,0,1,0,0,1,0,0,0
0,0,0,1,0,0,0,0,0,2,1,0,0,0,0,0,1,0,0,1,0,0,1,0,0,0
0,0,0,6,0,0,0,0,0,5,41,0,0,0,0,0,1,0,0,1,0,0,1,0,0,0
0,0,0,0,0,0,0,0,0,3,23,0,1,0,0,0,1,0,0,1,0,0,1,0,0,0
0,0,0,2,0,0,0,0,0,2,33,0,0,0,0,0,1,0,0,1,0,0,1,0,0,0
0,0,0,2,0,0,0,0,0,14,8,0,1,0,0,0,1,0,0,1,0,0,1,0,0,0
0,0,0,0,0,0,0,0,0,0,6,0,17,0,0,0,1,0,0,1,0,0,1,0,0,0
0,0,0,0,0,0,0,0,0,3,8,0,1,0,0,0,1,0,0,1,0,0,1,0,0,0
0,0,0,2,0,0,0,0,0,9,2,0,0,0,0,0,1,0,0,1,0,0,1,0,0,0
0,0,0,2,0,0,0,0,0,2,9,0,0,0,0,0,1,0,0,1,0,0,1,0,0,0
0,0,0,0,0,0,0,0,0,7,3,0,4,0,0,0,1,0,0,1,0,0,1,0,0,0
0,0,0,2,0,0,0,0,0,2,34,0,0,0,0,0,1,0,0,1,0,0,1,0,0,0
0,0,0,0,0,0,0,0,0,0,18,0,4,0,0,0,1,0,0,1,0,0,1,0,0,0
0,0,0,0,0,0,0,0,0,1,18,0,4,0,0,0,1,0,0,1,0,0,1,0,0,0
0,0,0,0,0,0,0,0,0,6,1,0,2,0,0,0,1,0,0,1,0,0,1,0,0,0
0,0,0,0,0,0,0,0,0,0,7,0,2,0,0,0,1,0,0,1,0,0,1,0,0,0
0,0,0,4,0,0,0,0,0,1,2,0,1,0,0,0,1,0,0,1,0,0,1,0,0,0
0,0,0,1,0,0,0,0,0,2,24,0,0,0,0,0,1,0,0,1,0,0,1,0,0,0
0,0,0,0,0,0,0,0,0,3,2,0,4,0,0,0,1,0,0,1,0,0,1,0,0,0
0,0,0,0,0,0,0,0,0,0,27,0,2,0,0,0,1,0,0,1,0,0,1,0,0,0
0,0,0,0,0,0,0,0,0,1,12,0,5,0,0,0,1,0,0,1,0,0,1,0,0,0
0,0,0,2,0,0,0,0,0,7,18,0,0,0,0,0,1,0,0,1,0,0,1,0,0,0
0,0,0,0,0,0,0,0,0,3,0,0,2,0,0,0,1,0,0,1,0,0,1,0,0,0
0,0,0,0,0,0,0,0,0,0,2,0,4,0,0,0,1,0,0,1,0,0,1,0,0,0
0,0,0,0,0,0,0,0,0,3,8,0,1,0,0,0,1,0,0,1,0,0,1,0,0,0
0,0,0,0,0,0,0,0,0,0,47,0,1,0,0,0,1,0,0,1,0,0,1,0,0,0
0,0,0,1,0,0,0,0,0,0,4,0,0,0,0,0,1,0,0,1,0,0,1,0,0,0
0,0,0,0,0,0,0,0,0,2,1,0,3,0,0,0,1,0,0,1,0,0,1,0,0,0
0,0,0,0,0,0,0,0,0,7,0,0,2,0,0,0,1,0,0,1,0,0,1,0,0,0
0,0,0,1,0,0,0,0,0,9,1,0,0,0,0,0,1,0,0,1,0,0,1,0,0,0
0,0,0,0,0,0,0,0,0,6,3,0,2,0,0,0,1,0,0,1,0,0,1,0,0,0
0,0,0,0,0,0,0,0,0,1,5,0,1,0,0,0,1,0,0,1,0,0,1,0,0,0
0,0,0,1,0,0,0,0,0,0,1,0,0,0,0,0,1,0,0,1,0,0,1,0,0,0
0,0,0,1,0,0,0,0,0,4,1,0,0,0,0,0,1,0,0,1,0,0,1,0,0,0
0,0,0,0,0,0,0,0,0,1,13,0,1,0,0,0,1,0,0,1,0,0,1,0,0,0
0,0,0,2,0,0,0,0,0,8,9,0,0,0,0,0,1,0,0,1,0,0,1,0,0,0
0,0,0,0,0,0,0,0,0,1,18,0,2,0,0,0,1,0,0,1,0,0,1,0,0,0
0,0,0,3,0,0,0,0,0,11,24,0,1,0,0,0,1,0,0,1,0,0,1,0,0,0
0,0,0,0,0,0,0,0,0,5,4,0,1,0,0,0,1,0,0,1,0,0,1,0,0,0
0,0,0,0,0,0,0,0,0,8,0,0,2,0,0,0,1,0,0,1,0,0,1,0,0,0
0,0,0,0,0,0,0,0,0,1,6,0,3,0,0,0,1,0,0,1,0,0,1,0,0,0
0,0,0,5,0,0,0,0,0,0,12,0,0,0,0,0,1,0,0,1,0,0,1,0,0,0
0,0,0,0,0,0,0,0,0,7,11,0,1,0,0,0,1,0,0,1,0,0,1,0,0,0
0,0,0,1,0,0,0,0,0,2,18,0,0,0,0,0,1,0,0,1,0,0,1,0,0,0
0,0,0,0,0,0,0,0,0,4,11,0,1,0,0,0,1,0,0,1,0,0,1,0,0,0
0,0,0,1,0,0,0,0,0,2,19,0,2,0,0,0,1,0,0,1,0,0,1,0,0,0
0,0,0,0,0,0,0,0,0,3,7,0,2,0,0,0,1,0,0,1,0,0,1,0,0,0
0,0,0,0,0,0,0,0,0,2,18,0,4,0,0,0,1,0,0,1,0,0,1,0,0,0
0,0,0,0,0,0,0,0,0,1,0,0,1,0,0,0,1,0,0,1,0,0,1,0,0,0
0,0,0,3,0,0,0,0,0,5,3,0,1,0,0,0,1,0,0,1,0,0,1,0,0,0
0,0,0,4,0,0,0,0,0,2,4,0,0,0,0,0,1,0,0,1,0,0,1,0,0,0
0,0,0,0,0,0,0,0,0,8,4,0,2,0,0,0,1,0,0,1,0,0,1,0,0,0
0,0,0,0,0,0,0,0,0,6,14,0,2,0,0,0,1,0,0,1,0,0,1,0,0,0
0,0,0,4,0,0,0,0,0,3,24,0,0,0,0,0,1,0,0,1,0,0,1,0,0,0
0,0,0,1,0,0,0,0,0,6,1,0,2,0,0,0,1,0,0,1,0,0,1,0,0,0
0,0,0,2,0,0,0,0,0,5,56,0,0,0,0,0,1,0,0,1,0,0,1,0,0,0
0,0,0,2,0,0,0,0,0,15,6,0,0,0,0,0,1,0,0,1,0,0,1,0,0,0
0,0,0,0,0,0,0,0,0,1,44,0,1,0,0,0,1,0,0,1,0,0,1,0,0,0
0,0,0,3,0,0,0,0,0,5,14,0,0,0,0,0,1,0,0,1,0,0,1,0,0,0
0,0,0,1,0,0,0,0,0,2,16,0,0,0,0,0,1,0,0,1,0,0,1,0,0,0
0,0,0,0,0,0,0,0,0,5,12,0,5,0,0,0,1,0,0,1,0,0,1,0,0,0
0,0,0,0,0,0,0,0,0,5,6,0,1,0,0,0,1,0,0,1,0,0,1,0,0,0
0,0,0,0,0,0,0,0,0,11,7,0,1,0,0,0,1,0,0,1,0,0,1,0,0,0
0,0,0,2,0,0,0,0,0,0,16,0,0,0,0,0,1,0,0,1,0,0,1,0,0,0
0,0,0,1,0,0,0,0,0,5,1,0,2,0,0,0,1,0,0,1,0,0,1,0,0,0
0,0,0,0,0,0,0,0,0,4,8,0,1,0,0,0,1,0,0,1,0,0,1,0,0,0
0,0,0,2,0,0,0,0,0,4,7,0,0,0,0,0,1,0,0,1,0,0,1,0,0,0
0,0,0,0,0,0,0,0,0,2,0,0,1,0,0,0,1,0,0,1,0,0,1,0,0,0
0,0,0,2,0,0,0,0,0,18,10,0,0,0,0,0,1,0,0,1,0,0,1,0,0,0
0,0,0,0,0,0,0,0,0,1,7,0,5,0,0,0,1,0,0,1,0,0,1,0,0,0
0,0,0,0,0,0,0,0,0,8,13,0,2,0,0,0,1,0,0,1,0,0,1,0,0,0
0,0,0,0,0,0,0,0,0,1,9,0,3,0,0,0,1,0,0,1,0,0,1,0,0,0
0,0,0,0,0,0,0,0,0,0,1,0,3,0,0,0,1,0,0,1,0,0,1,0,0,0
0,0,0,3,0,0,0,0,0,0,11,0,0,0,0,0,1,0,0,1,0,0,1,0,0,0
0,0,0,0,0,0,0,0,0,1,18,0,1,0,0,0,1,0,0,1,0,0,1,0,0,0
0,0,0,0,0,0,0,0,0,0,2,0,1,0,0,0,1,0,0,1,0,0,1,0,0,0
0,0,0,0,0,0,0,0,0,20,0,0,1,0,0,0,1,0,0,1,0,0,1,0,0,0
0,0,0,0,0,0,0,0,0,0,1,0,4,0,0,0,1,0,0,1,0,0,1,0,0,0
0,0,0,3,0,0,0,0,0,3,26,0,0,0,0,0,1,0,0,1,0,0,1,0,0,0
0,0,0,0,0,0,0,0,0,0,1,0,3,0,0,0,1,0,0,1,0,0,1,0,0,0
0,0,0,2,0,0,0,0,0,17,5,0,0,0,0,0,1,0,0,1,0,0,1,0,0,0
0,0,0,6,0,0,0,0,0,9,6,0,0,0,0,0,1,0,0,1,0,0,1,0,0,0
0,0,0,0,0,0,0,0,0,2,18,0,2,0,0,0,1,0,0,1,0,0,1,0,0,0
0,0,0,0,0,0,0,0,0,5,18,0,1,0,0,0,1,0,0,1,0,0,1,0,0,0
0,0,0,0,0,0,0,0,0,5,8,0,4,0,0,0,1,0,0,1,0,0,1,0,0,0
0,0,0,0,0,0,0,0,0,10,24,0,1,0,0,0,1,0,0,1,0,0,1,0,0,0
0,0,0,1,0,0,0,0,0,1,2,0,0,0,0,0,1,0,0,1,0,0,1,0,0,0
0,0,0,0,0,0,0,0,0,6,23,0,1,0,0,0,1,0,0,1,0,0,1,0,0,0
0,0,0,0,0,0,0,0,0,7,4,0,2,0,0,0,1,0,0,1,0,0,1,0,0,0
0,0,0,0,0,0,0,0,0,3,13,0,2,0,0,0,1,0,0,1,0,0,1,0,0,0
0,0,0,0,0,0,0,0,0,2,4,0,3,0,0,0,1,0,0,1,0,0,1,0,0,0
0,0,0,0,0,0,0,0,0,4,13,0,1,0,0,0,1,0,0,1,0,0,1,0,0,0
0,0,0,2,0,0,0,0,0,0,7,0,0,0,0,0,1,0,0,1,0,0,1,0,0,0
0,0,0,1,0,0,0,0,0,1,10,0,9,0,0,0,1,0,0,1,0,0,1,0,0,0
0,0,0,0,0,0,0,0,0,9,0,0,2,0,0,0,1,0,0,1,0,0,1,0,0,0
0,0,0,2,0,0,0,0,0,6,14,0,0,0,0,0,1,0,0,1,0,0,1,0,0,0
0,0,0,0,0,0,0,0,0,6,0,0,2,0,0,0,1,0,0,1,0,0,1,0,0,0
0,0,0,0,0,0,0,0,0,8,12,0,2,0,0,0,1,0,0,1,0,0,1,0,0,0
0,0,0,0,0,0,0,0,0,2,15,0,2,0,0,0,1,0,0,1,0,0,1,0,0,0
0,0,0,1,0,0,0,0,0,1,35,0,0,0,0,0,1,0,0,1,0,0,1,0,0,0
0,0,0,0,0,0,0,0,0,5,3,0,8,0,0,0,1,0,0,1,0,0,1,0,0,0
0,0,0,2,0,0,0,0,0,15,4,0,0,0,0,0,1,0,0,1,0,0,1,0,0,0
0,0,0,1,0,0,0,0,0,7,1,0,0,0,0,0,1,0,0,1,0,0,1,0,0,0
0,0,0,3,0,0,0,0,0,5,2,0,0,0,0,0,1,0,0,1,0,0,1,0,0,0
0,0,0,0,0,0,0,0,0,0,41,0,7,0,0,0,1,0,0,1,0,0,1,0,0,0
0,0,0,4,0,0,0,0,0,5,2,0,0,0,0,0,1,0,0,1,0,0,1,0,0,0
0,0,0,0,0,0,0,0,0,1,0,0,2,0,0,0,1,0,0,1,0,0,1,0,0,0
0,0,0,1,0,0,0,0,0,6,18,0,4,0,0,0,1,0,0,1,0,0,1,0,0,0
0,0,0,0,0,0,0,0,0,8,0,0,1,0,0,0,1,0,0,1,0,0,1,0,0,0
0,0,0,0,0,0,0,0,0,12,33,0,5,0,0,0,1,0,0,1,0,0,1,0,0,0
0,0,0,1,0,0,0,0,0,6,1,0,0,0,0,0,1,0,0,1,0,0,1,0,0,0
0,0,0,0,0,0,0,0,0,5,0,0,1,0,0,0,1,0,0,1,0,0,1,0,0,0
0,0,0,2,0,0,0,0,0,7,2,0,0,0,0,0,1,0,0,1,0,0,1,0,0,0
0,0,0,1,0,0,0,0,0,0,11,0,0,0,0,0,1,0,0,1,0,0,1,0,0,0
0,0,0,0,0,0,0,0,0,28,5,0,1,0,0,0,1,0,0,1,0,0,1,0,0,0
0,0,0,1,0,0,0,0,0,2,7,0,0,0,0,0,1,0,0,1,0,0,1,0,0,0
0,0,0,3,0,0,0,0,0,8,1,0,0,0,0,0,1,0,0,1,0,0,1,0,0,0
0,0,0,1,0,0,0,0,0,0,1,0,0,0,0,0,1,0,0,1,0,0,1,0,0,0
0,0,0,0,0,0,0,0,0,13,0,0,1,0,0,0,1,0,0,1,0,0,1,0,0,0
0,0,0,0,0,0,0,0,0,0,12,0,2,0,0,0,1,0,0,1,0,0,1,0,0,0
0,0,0,2,0,0,0,0,0,2,8,0,0,0,0,0,1,0,0,1,0,0,1,0,0,0
0,0,0,0,0,0,0,0,0,2,12,0,2,0,0,0,1,0,0,1,0,0,1,0,0,0
0,0,0,1,0,0,0,0,0,1,15,0,0,0,0,0,1,0,0,1,0,0,1,0,0,0
0,0,0,0,0,0,0,0,0,8,14,0,1,0,0,0,1,0,0,1,0,0,1,0,0,0
0,0,0,0,0,0,0,0,0,4,7,0,2,0,0,0,1,0,0,1,0,0,1,0,0,0
0,0,0,1,0,0,0,0,0,0,13,0,2,0,0,0,1,0,0,1,0,0,1,0,0,0
0,0,0,1,0,0,0,0,0,0,10,0,0,0,0,0,1,0,0,1,0,0,1,0,0,0
0,0,0,7,0,0,0,0,0,1,12,0,0,0,0,0,1,0,0,1,0,0,1,0,0,0
0,0,0,2,0,0,0,0,0,1,2,0,0,0,0,0,1,0,0,1,0,0,1,0,0,0
0,0,0,0,0,0,0,0,0,9,1,0,3,0,0,0,1,0,0,1,0,0,1,0,0,0
0,0,0,0,0,0,0,0,0,1,11,0,5,0,0,0,1,0,0,1,0,0,1,0,0,0
0,0,0,0,0,0,0,0,0,1,11,0,3,0,0,0,1,0,0,1,0,0,1,0,0,0
0,0,0,0,0,0,0,0,0,6,1,0,2,0,0,0,1,0,0,1,0,0,1,0,0,0
0,0,0,0,0,0,0,0,0,0,31,0,1,0,0,0,1,0,0,1,0,0,1,0,0,0
0,0,0,0,0,0,0,0,0,8,15,0,4,0,0,0,1,0,0,1,0,0,1,0,0,0
0,0,0,0,0,0,0,0,0,2,0,0,1,0,0,0,1,0,0,1,0,0,1,0,0,0
0,0,0,0,0,0,0,0,0,1,7,0,3,0,0,0,1,0,0,1,0,0,1,0,0,0
0,0,0,0,0,0,0,0,0,1,2,0,3,0,0,0,1,0,0,1,0,0,1,0,0,0
0,0,0,0,0,0,0,0,0,2,13,0,2,0,0,0,1,0,0,1,0,0,1,0,0,0
0,0,0,3,0,0,0,0,0,10,21,0,0,0,0,0,1,0,0,1,0,0,1,0,0,0
0,0,0,0,0,0,0,0,0,0,5,0,2,0,0,0,1,0,0,1,0,0,1,0,0,0
0,0,0,0,0,0,0,0,0,0,5,0,1,0,0,0,1,0,0,1,0,0,1,0,0,0
0,0,0,0,0,0,0,0,0,13,0,0,2,0,0,0,1,0,0,1,0,0,1,0,0,0
0,0,0,0,0,0,0,0,0,8,14,0,4,0,0,0,1,0,0,1,0,0,1,0,0,0
0,0,0,4,0,0,0,0,0,0,9,0,0,0,0,0,1,0,0,1,0,0,1,0,0,0
0,0,0,2,0,0,0,0,0,0,5,0,0,0,0,0,1,0,0,1,0,0,1,0,0,0
0,0,0,0,0,0,0,0,0,0,3,0,2,0,0,0,1,0,0,1,0,0,1,0,0,0
0,0,0,0,0,0,0,0,0,0,9,0,2,0,0,0,1,0,0,1,0,0,1,0,0,0
0,0,0,0,0,0,0,0,0,0,3,0,5,0,0,0,1,0,0,1,0,0,1,0,0,0
0,0,0,0,0,0,0,0,0,2,3,0,1,0,0,0,1,0,0,1,0,0,1,0,0,0
0,0,0,5,0,0,0,0,0,0,22,0,0,0,0,0,1,0,0,1,0,0,1,0,0,0
0,0,0,0,0,0,0,0,0,18,3,0,6,0,0,0,1,0,0,1,0,0,1,0,0,0
0,0,0,1,0,0,0,0,0,4,8,0,0,0,0,0,1,0,0,1,0,0,1,0,0,0
0,0,0,1,0,0,0,0,0,25,22,0,0,0,0,0,1,0,0,1,0,0,1,0,0,0
0,0,0,1,0,0,0,0,0,1,5,0,0,0,0,0,1,0,0,1,0,0,1,0,0,0
0,0,0,0,0,0,0,0,0,3,9,0,2,0,0,0,1,0,0,1,0,0,1,0,0,0
0,0,0,1,0,0,0,0,0,11,1,0,5,0,0,0,1,0,0,1,0,0,1,0,0,0
0,0,0,0,0,0,0,0,0,4,0,0,1,0,0,0,1,0,0,1,0,0,1,0,0,0
0,0,0,0,0,0,0,0,0,0,2,0,4,0,0,0,1,0,0,1,0,0,1,0,0,0
0,0,0,0,0,0,0,0,0,7,1,0,3,0,0,0,1,0,0,1,0,0,1,0,0,0
0,0,0,1,0,0,0,0,0,1,2,0,0,0,0,0,1,0,0,1,0,0,1,0,0,0
0,0,0,0,0,0,0,0,0,0,21,0,1,0,0,0,1,0,0,1,0,0,1,0,0,0
0,0,0,0,0,0,0,0,0,1,37,0,3,0,0,0,1,0,0,1,0,0,1,0,0,0
0,0,0,0,0,0,0,0,0,4,19,0,1,0,0,0,1,0,0,1,0,0,1,0,0,0
0,0,0,0,0,0,0,0,0,1,10,0,1,0,0,0,1,0,0,1,0,0,1,0,0,0
0,0,0,1,0,0,0,0,0,8,32,0,0,0,0,0,1,0,0,1,0,0,1,0,0,0
0,0,0,0,0,0,0,0,0,0,2,0,1,0,0,0,1,0,0,1,0,0,1,0,0,0
0,0,0,3,0,0,0,0,0,6,7,0,0,0,0,0,1,0,0,1,0,0,1,0,0,0
0,0,0,0,0,0,0,0,0,2,10,0,5,0,0,0,1,0,0,1,0,0,1,0,0,0
0,0,0,2,0,0,0,0,0,15,2,0,1,0,0,0,1,0,0,1,0,0,1,0,0,0
0,0,0,0,0,0,0,0,0,3,1,0,2,0,0,0,1,0,0,1,0,0,1,0,0,0
0,0,0,0,0,0,0,0,0,5,9,0,1,0,0,0,1,0,0,1,0,0,1,0,0,0
0,0,0,0,0,0,0,0,0,2,3,0,2,0,0,0,1,0,0,1,0,0,1,0,0,0
0,0,0,0,0,0,0,0,0,15,12,0,13,0,0,0,1,0,0,1,0,0,1,0,0,0
0,0,0,0,0,0,0,0,0,1,4,0,5,0,0,0,1,0,0,1,0,0,1,0,0,0
0,0,0,0,0,0,0,0,0,0,3,0,1,0,0,0,1,0,0,1,0,0,1,0,0,0
0,0,0,0,0,0,0,0,0,3,4,0,2,0,0,0,1,0,0,1,0,0,1,0,0,0
0,0,0,1,0,0,0,0,0,6,3,0,5,0,0,0,1,0,0,1,0,0,1,0,0,0
0,0,0,0,0,0,0,0,0,6,3,0,2,0,0,0,1,0,0,1,0,0,1,0,0,0
0,0,0,0,0,0,0,0,0,6,1,0,2,0,0,0,1,0,0,1,0,0,1,0,0,0
0,0,0,0,0,0,0,0,0,0,1,0,2,0,0,0,1,0,0,1,0,0,1,0,0,0
0,0,0,1,0,0,0,0,0,1,18,0,4,0,0,0,1,0,0,1,0,0,1,0,0,0
0,0,0,2,0,0,0,0,0,5,10,0,0,0,0,0,1,0,0,1,0,0,1,0,0,0
0,0,0,0,0,0,0,0,0,0,7,0,4,0,0,0,1,0,0,1,0,0,1,0,0,0
0,0,0,3,0,0,0,0,0,3,14,0,0,0,0,0,1,0,0,1,0,0,1,0,0,0
0,0,0,0,0,0,0,0,0,0,38,0,1,0,0,0,1,0,0,1,0,0,1,0,0,0
0,0,0,1,0,0,0,0,0,0,1,0,5,0,0,0,1,0,0,1,0,0,1,0,0,0
0,0,0,0,0,0,0,0,0,1,8,0,1,0,0,0,1,0,0,1,0,0,1,0,0,0
0,0,0,0,0,0,0,0,0,2,16,0,1,0,0,0,1,0,0,1,0,0,1,0,0,0
0,0,0,0,0,0,0,0,0,1,8,0,1,0,0,0,1,0,0,1,0,0,1,0,0,0
0,0,0,4,0,0,0,0,0,9,16,0,0,0,0,0,1,0,0,1,0,0,1,0,0,0
0,0,0,1,0,0,0,0,0,1,2,0,0,0,0,0,1,0,0,1,0,0,1,0,0,0
0,0,0,1,0,0,0,0,0,11,6,0,0,0,0,0,1,0,0,1,0,0,1,0,0,0
0,0,0,0,0,0,0,0,0,0,41,0,3,0,0,0,1,0,0,1,0,0,1,0,0,0
0,0,0,2,0,0,0,0,0,8,3,0,1,0,0,0,1,0,0,1,0,0,1,0,0,0
0,0,0,2,0,0,0,0,0,1,11,0,0,0,0,0,1,0,0,1,0,0,1,0,0,0
0,0,0,1,0,0,0,0,0,10,13,0,0,0,0,0,1,0,0,1,0,0,1,0,0,0
0,0,0,4,0,0,0,0,0,1,12,0,0,0,0,0,1,0,0,1,0,0,1,0,0,0
0,0,0,1,0,0,0,0,0,1,31,0,0,0,0,0,1,0,0,1,0,0,1,0,0,0
0,0,0,5,0,0,0,0,0,9,5,0,1,0,0,0,1,0,0,1,0,0,1,0,0,0
0,0,0,0,0,0,0,0,0,8,25,0,2,0,0,0,1,0,0,1,0,0,1,0,0,0
0,0,0,0,0,0,0,0,0,3,20,0,4,0,0,0,1,0,0,1,0,0,1,0,0,0
0,0,0,0,0,0,0,0,0,3,5,0,3,0,0,0,1,0,0,1,0,0,1,0,0,0
0,0,0,4,0,0,0,0,0,2,1,0,0,0,0,0,1,0,0,1,0,0,1,0,0,0
0,0,0,0,0,0,0,0,0,3,2,0,4,0,0,0,1,0,0,1,0,0,1,0,0,0
0,0,0,2,0,0,0,0,0,3,6,0,0,0,0,0,1,0,0,1,0,0,1,0,0,0
0,0,0,0,0,0,0,0,0,1,0,0,4,0,0,0,1,0,0,1,0,0,1,0,0,0
0,0,0,2,0,0,0,0,0,3,15,0,0,0,0,0,1,0,0,1,0,0,1,0,0,0
0,0,0,1,0,0,0,0,0,1,35,0,0,0,0,0,1,0,0,1,0,0,1,0,0,0
0,0,0,0,0,0,0,0,0,6,7,0,1,0,0,0,1,0,0,1,0,0,1,0,0,0
0,0,0,1,0,0,0,0,0,9,3,0,0,0,0,0,1,0,0,1,0,0,1,0,0,0
0,0,0,2,0,0,0,0,0,0,29,0,0,0,0,0,1,0,0,1,0,0,1,0,0,0
0,0,0,1,0,0,0,0,0,2,4,0,0,0,0,0,1,0,0,1,0,0,1,0,0,0
0,0,0,0,0,0,0,0,0,7,1,0,11,0,0,0,1,0,0,1,0,0,1,0,0,0
0,0,0,0,0,0,0,0,0,0,1,0,2,0,0,0,1,0,0,1,0,0,1,0,0,0
0,0,0,1,0,0,0,0,0,0,2,0,0,0,0,0,1,0,0,1,0,0,1,0,0,0
0,0,0,0,0,0,0,0,0,1,0,0,3,0,0,0,1,0,0,1,0,0,1,0,0,0
0,0,0,0,0,0,0,0,0,2,13,0,3,0,0,0,1,0,0,1,0,0,1,0,0,0
0,0,0,2,0,0,0,0,0,13,3,0,1,0,0,0,1,0,0,1,0,0,1,0,0,0
0,0,0,1,0,0,0,0,0,1,32,0,0,0,0,0,1,0,0,1,0,0,1,0,0,0
0,0,0,0,0,0,0,0,0,0,1,0,2,0,0,0,1,0,0,1,0,0,1,0,0,0
0,0,0,0,0,0,0,0,0,5,0,0,1,0,0,0,1,0,0,1,0,0,1,0,0,0
0,0,0,0,0,0,0,0,0,7,4,0,2,0,0,0,1,0,0,1,0,0,1,0,0,0
0,0,0,2,0,0,0,0,0,1,5,0,0,0,0,0,1,0,0,1,0,0,1,0,0,0
0,0,0,0,0,0,0,0,0,11,1,0,2,0,0,0,1,0,0,1,0,0,1,0,0,0
0,0,0,0,0,0,0,0,0,1,0,0,6,0,0,0,1,0,0,1,0,0,1,0,0,0
0,0,0,4,0,0,0,0,0,4,27,0,0,0,0,0,1,0,0,1,0,0,1,0,0,0
0,0,0,1,0,0,0,0,0,7,8,0,0,0,0,0,1,0,0,1,0,0,1,0,0,0
0,0,0,1,0,0,0,0,0,5,13,0,2,0,0,0,1,0,0,1,0,0,1,0,0,0
0,0,0,2,0,0,0,0,0,0,4,0,0,0,0,0,1,0,0,1,0,0,1,0,0,0
0,0,0,2,0,0,0,0,0,0,3,0,0,0,0,0,1,0,0,1,0,0,1,0,0,0
0,0,0,1,0,0,0,0,0,5,1,0,0,0,0,0,1,0,0,1,0,0,1,0,0,0
0,0,0,1,0,0,0,0,0,2,0,0,3,0,0,0,1,0,0,1,0,0,1,0,0,0
0,0,0,1,0,0,0,0,0,0,2,0,0,0,0,0,1,0,0,1,0,0,1,0,0,0
0,0,0,0,0,0,0,0,0,10,7,0,1,0,0,0,1,0,0,1,0,0,1,0,0,0
0,0,0,0,0,0,0,0,0,7,3,0,4,0,0,0,1,0,0,1,0,0,1,0,0,0
0,0,0,0,0,0,0,0,0,0,6,0,4,0,0,0,1,0,0,1,0,0,1,0,0,0
0,0,0,0,0,0,0,0,0,5,7,0,1,0,0,0,1,0,0,1,0,0,1,0,0,0
0,0,0,0,0,0,0,0,0,3,0,0,1,0,0,0,1,0,0,1,0,0,1,0,0,0
0,0,0,0,0,0,0,0,0,14,8,0,1,0,0,0,1,0,0,1,0,0,1,0,0,0
0,0,0,0,0,0,0,0,0,0,2,0,1,0,0,0,1,0,0,1,0,0,1,0,0,0
0,0,0,2,0,0,0,0,0,4,12,0,0,0,0,0,1,0,0,1,0,0,1,0,0,0
0,0,0,0,0,0,0,0,0,2,4,0,2,0,0,0,1,0,0,1,0,0,1,0,0,0
0,0,0,2,0,0,0,0,0,4,11,0,4,0,0,0,1,0,0,1,0,0,1,0,0,0
0,0,0,0,0,0,0,0,0,3,14,0,4,0,0,0,1,0,0,1,0,0,1,0,0,0
0,0,0,0,0,0,0,0,0,10,5,0,8,0,0,0,1,0,0,1,0,0,1,0,0,0
0,0,0,0,0,0,0,0,0,13,55,0,1,0,0,0,1,0,0,1,0,0,1,0,0,0
0,0,0,0,0,0,0,0,0,9,4,0,1,0,0,0,1,0,0,1,0,0,1,0,0,0
0,0,0,1,0,0,0,0,0,4,1,0,0,0,0,0,1,0,0,1,0,0,1,0,0,0
0,0,0,0,0,0,0,0,0,7,9,0,2,0,0,0,1,0,0,1,0,0,1,0,0,0
0,0,0,1,0,0,0,0,0,3,13,0,0,0,0,0,1,0,0,1,0,0,1,0,0,0
0,0,0,0,0,0,0,0,0,3,26,0,5,0,0,0,1,0,0,1,0,0,1,0,0,0
0,0,0,0,0,0,0,0,0,0,1,0,2,0,0,0,1,0,0,1,0,0,1,0,0,0
0,0,0,0,0,0,0,0,0,11,8,0,1,0,0,0,1,0,0,1,0,0,1,0,0,0
0,0,0,0,0,0,0,0,0,3,2,0,3,0,0,0,1,0,0,1,0,0,1,0,0,0
0,0,0,0,0,0,0,0,0,4,2,0,9,0,0,0,1,0,0,1,0,0,1,0,0,0
0,0,0,2,0,0,0,0,0,25,13,0,0,0,0,0,1,0,0,1,0,0,1,0,0,0
0,0,0,0,0,0,0,0,0,1,29,0,3,0,0,0,1,0,0,1,0,0,1,0,0,0
0,0,0,0,0,0,0,0,0,4,21,0,1,0,0,0,1,0,0,1,0,0,1,0,0,0
0,0,0,1,0,0,0,0,0,3,14,0,0,0,0,0,1,0,0,1,0,0,1,0,0,0
0,0,0,0,0,0,0,0,0,1,15,0,2,0,0,0,1,0,0,1,0,0,1,0,0,0
0,0,0,3,0,0,0,0,0,2,1,0,0,0,0,0,1,0,0,1,0,0,1,0,0,0
0,0,0,5,0,0,0,0,0,8,6,0,0,0,0,0,1,0,0,1,0,0,1,0,0,0
0,0,0,2,0,0,0,0,0,3,12,0,0,0,0,0,1,0,0,1,0,0,1,0,0,0
0,0,0,2,0,0,0,0,0,4,2,0,0,0,0,0,1,0,0,1,0,0,1,0,0,0
0,0,0,0,0,0,0,0,0,4,33,0,3,0,0,0,1,0,0,1,0,0,1,0,0,0
0,0,0,0,0,0,0,0,0,8,0,0,5,0,0,0,1,0,0,1,0,0,1,0,0,0
0,0,0,2,0,0,0,0,0,5,10,0,0,0,0,0,1,0,0,1,0,0,1,0,0,0
0,0,0,0,0,0,0,0,0,4,6,0,3,0,0,0,1,0,0,1,0,0,1,0,0,0
0,0,0,1,0,0,0,0,0,4,1,0,0,0,0,0,1,0,0,1,0,0,1,0,0,0
0,0,0,2,0,0,0,0,0,2,15,0,5,0,0,0,1,0,0,1,0,0,1,0,0,0
0,0,0,0,0,0,0,0,0,3,15,0,1,0,0,0,1,0,0,1,0,0,1,0,0,0
0,0,0,0,0,0,0,0,0,0,9,0,4,0,0,0,1,0,0,1,0,0,1,0,0,0
0,0,0,0,0,0,0,0,0,3,5,0,3,0,0,0,1,0,0,1,0,0,1,0,0,0
0,0,0,0,0,0,0,0,0,5,1,0,2,0,0,0,1,0,0,1,0,0,1,0,0,0
0,0,0,2,0,0,0,0,0,6,1,0,0,0,0,0,1,0,0,1,0,0,1,0,0,0
0,0,0,0,0,0,0,0,0,6,0,0,2,0,0,0,1,0,0,1,0,0,1,0,0,0
0,0,0,3,0,0,0,0,0,1,7,0,0,0,0,0,1,0,0,1,0,0,1,0,0,0
0,0,0,8,0,0,0,0,0,8,10,0,0,0,0,0,1,0,0,1,0,0,1,0,0,0
0,0,0,0,0,0,0,0,0,2,4,0,1,0,0,0,1,0,0,1,0,0,1,0,0,0
0,0,0,0,0,0,0,0,0,2,14,0,4,0,0,0,1,0,0,1,0,0,1,0,0,0
0,0,0,1,0,0,0,0,0,3,15,0,0,0,0,0,1,0,0,1,0,0,1,0,0,0
0,0,0,1,0,0,0,0,0,1,6,0,0,0,0,0,1,0,0,1,0,0,1,0,0,0
0,0,0,0,0,0,0,0,0,7,13,0,1,0,0,0,1,0,0,1,0,0,1,0,0,0
0,0,0,0,0,0,0,0,0,2,7,0,1,0,0,0,1,0,0,1,0,0,1,0,0,0
0,0,0,3,0,0,0,0,0,5,4,0,0,0,0,0,1,0,0,1,0,0,1,0,0,0
0,0,0,1,0,0,0,0,0,0,3,0,2,0,0,0,1,0,0,1,0,0,1,0,0,0
0,0,0,1,0,0,0,0,0,1,2,0,0,0,0,0,1,0,0,1,0,0,1,0,0,0
0,0,0,0,0,0,0,0,0,1,9,0,2,0,0,0,1,0,0,1,0,0,1,0,0,0
0,0,0,1,0,0,0,0,0,3,11,0,0,0,0,0,1,0,0,1,0,0,1,0,0,0
0,0,0,0,0,0,0,0,0,3,24,0,1,0,0,0,1,0,0,1,0,0,1,0,0,0
0,0,0,0,0,0,0,0,0,1,17,0,2,0,0,0,1,0,0,1,0,0,1,0,0,0
0,0,0,0,0,0,0,0,0,0,8,0,2,0,0,0,1,0,0,1,0,0,1,0,0,0
0,0,0,0,0,0,0,0,0,1,5,0,8,0,0,0,1,0,0,1,0,0,1,0,0,0
0,0,0,2,0,0,0,0,0,2,34,0,0,0,0,0,1,0,0,1,0,0,1,0,0,0
0,0,0,1,0,0,0,0,0,12,4,0,2,0,0,0,1,0,0,1,0,0,1,0,0,0
0,0,0,10,0,0,0,0,0,4,19,0,0,0,0,0,1,0,0,1,0,0,1,0,0,0
0,0,0,0,0,0,0,0,0,19,2,0,1,0,0,0,1,0,0,1,0,0,1,0,0,0
0,0,0,2,0,0,0,0,0,17,32,0,0,0,0,0,1,0,0,1,0,0,1,0,0,0
0,0,0,0,0,0,0,0,0,0,9,0,4,0,0,0,1,0,0,1,0,0,1,0,0,0
0,0,0,3,0,0,0,0,0,11,2,0,0,0,0,0,1,0,0,1,0,0,1,0,0,0
0,0,0,1,0,0,0,0,0,6,20,0,0,0,0,0,1,0,0,1,0,0,1,0,0,0
0,0,0,5,0,0,0,0,0,2,16,0,0,0,0,0,1,0,0,1,0,0,1,0,0,0
0,0,0,0,0,0,0,0,0,1,6,0,1,0,0,0,1,0,0,1,0,0,1,0,0,0
0,0,0,0,0,0,0,0,0,4,11,0,3,0,0,0,1,0,0,1,0,0,1,0,0,0
0,0,0,0,0,0,0,0,0,0,17,0,1,0,0,0,1,0,0,1,0,0,1,0,0,0
0,0,0,1,0,0,0,0,0,4,1,0,4,0,0,0,1,0,0,1,0,0,1,0,0,0
0,0,0,0,0,0,0,0,0,0,4,0,1,0,0,0,1,0,0,1,0,0,1,0,0,0
0,0,0,1,0,0,0,0,0,4,14,0,0,0,0,0,1,0,0,1,0,0,1,0,0,0
0,0,0,0,0,0,0,0,0,0,4,0,1,0,0,0,1,0,0,1,0,0,1,0,0,0
0,0,0,0,0,0,0,0,0,4,6,0,2,0,0,0,1,0,0,1,0,0,1,0,0,0
0,0,0,0,0,0,0,0,0,2,4,0,1,0,0,0,1,0,0,1,0,0,1,0,0,0
0,0,0,0,0,0,0,0,0,0,32,0,2,0,0,0,1,0,0,1,0,0,1,0,0,0
0,0,0,0,0,0,0,0,0,4,12,0,1,0,0,0,1,0,0,1,0,0,1,0,0,0
0,0,0,0,0,0,0,0,0,1,4,0,6,0,0,0,1,0,0,1,0,0,1,0,0,0
0,0,0,0,0,0,0,0,0,4,8,0,1,0,0,0,1,0,0,1,0,0,1,0,0,0
0,0,0,1,0,0,0,0,0,9,17,0,0,0,0,0,1,0,0,1,0,0,1,0,0,0
0,0,0,1,0,0,0,0,0,2,1,0,0,0,0,0,1,0,0,1,0,0,1,0,0,0
0,0,0,0,0,0,0,0,0,2,7,0,3,0,0,0,1,0,0,1,0,0,1,0,0,0
0,0,0,0,0,0,0,0,0,1,11,0,4,0,0,0,1,0,0,1,0,0,1,0,0,0
0,0,0,0,0,0,0,0,0,3,4,0,1,0,0,0,1,0,0,1,0,0,1,0,0,0
0,0,0,0,0,0,0,0,0,6,16,0,1,0,0,0,1,0,0,1,0,0,1,0,0,0
0,0,0,0,0,0,0,0,0,6,7,0,3,0,0,0,1,0,0,1,0,0,1,0,0,0
0,0,0,1,0,0,0,0,0,7,0,0,2,0,0,0,1,0,0,1,0,0,1,0,0,0
0,0,0,1,0,0,0,0,0,3,6,0,0,0,0,0,1,0,0,1,0,0,1,0,0,0
0,0,0,0,0,0,0,0,0,6,7,0,1,0,0,0,1,0,0,1,0,0,1,0,0,0
0,0,0,0,0,0,0,0,0,8,7,0,1,0,0,0,1,0,0,1,0,0,1,0,0,0
0,0,0,2,0,0,0,0,0,15,6,0,0,0,0,0,1,0,0,1,0,0,1,0,0,0
0,0,0,1,0,0,0,0,0,7,11,0,0,0,0,0,1,0,0,1,0,0,1,0,0,0
0,0,0,3,0,0,0,0,0,7,3,0,0,0,0,0,1,0,0,1,0,0,1,0,0,0
0,0,0,5,0,0,0,0,0,3,19,0,0,0,0,0,1,0,0,1,0,0,1,0,0,0
0,0,0,0,0,0,0,0,0,5,29,0,1,0,0,0,1,0,0,1,0,0,1,0,0,0
0,0,0,1,0,0,0,0,0,3,7,0,0,0,0,0,1,0,0,1,0,0,1,0,0,0
0,0,0,0,0,0,0,0,0,1,3,0,1,0,0,0,1,0,0,1,0,0,1,0,0,0
0,0,0,0,0,0,0,0,0,2,8,0,1,0,0,0,1,0,0,1,0,0,1,0,0,0
0,0,0,0,0,0,0,0,0,0,5,0,4,0,0,0,1,0,0,1,0,0,1,0,0,0
0,0,0,1,0,0,0,0,0,0,23,0,0,0,0,0,1,0,0,1,0,0,1,0,0,0
0,0,0,0,0,0,0,0,0,6,1,0,4,0,0,0,1,0,0,1,0,0,1,0,0,0
0,0,0,0,0,0,0,0,0,5,6,0,3,0,0,0,1,0,0,1,0,0,1,0,0,0
0,0,0,0,0,0,0,0,0,3,2,0,4,0,0,0,1,0,0,1,0,0,1,0,0,0
0,0,0,0,0,0,0,0,0,0,1,0,6,0,0,0,1,0,0,1,0,0,1,0,0,0
0,0,0,0,0,0,0,0,0,11,0,0,2,0,0,0,1,0,0,1,0,0,1,0,0,0
0,0,0,0,0,0,0,0,0,1,7,0,1,0,0,0,1,0,0,1,0,0,1,0,0,0
0,0,0,2,0,0,0,0,0,9,3,0,0,0,0,0,1,0,0,1,0,0,1,0,0,0
0,0,0,0,0,0,0,0,0,1,16,0,4,0,0,0,1,0,0,1,0,0,1,0,0,0
0,0,0,1,0,0,0,0,0,1,2,0,0,0,0,0,1,0,0,1,0,0,1,0,0,0
0,0,0,1,0,0,0,0,0,1,2,0,0,0,0,0,1,0,0,1,0,0,1,0,0,0
0,0,0,0,0,0,0,0,0,5,13,0,2,0,0,0,1,0,0,1,0,0,1,0,0,0
0,0,0,0,0,0,0,0,0,0,1,0,3,0,0,0,1,0,0,1,0,0,1,0,0,0
0,0,0,0,0,0,0,0,0,5,7,0,1,0,0,0,1,0,0,1,0,0,1,0,0,0
0,0,0,1,0,0,0,0,0,4,10,0,0,0,0,0,1,0,0,1,0,0,1,0,0,0
0,0,0,4,0,0,0,0,0,2,4,0,0,0,0,0,1,0,0,1,0,0,1,0,0,0
0,0,0,0,0,0,0,0,0,0,6,0,1,0,0,0,1,0,0,1,0,0,1,0,0,0
0,0,0,9,0,0,0,0,0,1,11,0,0,0,0,0,1,0,0,1,0,0,1,0,0,0
0,0,0,3,0,0,0,0,0,7,5,0,0,0,0,0,1,0,0,1,0,0,1,0,0,0
0,0,0,0,0,0,0,0,0,10,0,0,3,0,0,0,1,0,0,1,0,0,1,0,0,0
0,0,0,0,0,0,0,0,0,0,8,0,1,0,0,0,1,0,0,1,0,0,1,0,0,0
0,0,0,0,0,0,0,0,0,8,1,0,3,0,0,0,1,0,0,1,0,0,1,0,0,0
0,0,0,0,0,0,0,0,0,0,12,0,2,0,0,0,1,0,0,1,0,0,1,0,0,0
0,0,0,1,0,0,0,0,0,2,5,0,0,0,0,0,1,0,0,1,0,0,1,0,0,0
0,0,0,7,0,0,0,0,0,9,6,0,0,0,0,0,1,0,0,1,0,0,1,0,0,0
0,0,0,0,0,0,0,0,0,1,5,0,1,0,0,0,1,0,0,1,0,0,1,0,0,0
0,0,0,0,0,0,0,0,0,4,1,0,8,0,0,0,1,0,0,1,0,0,1,0,0,0
0,0,0,0,0,0,0,0,0,16,35,0,1,0,0,0,1,0,0,1,0,0,1,0,0,0
0,0,0,0,0,0,0,0,0,9,1,0,2,0,0,0,1,0,0,1,0,0,1,0,0,0
0,0,0,2,0,0,0,0,0,11,6,0,1,0,0,0,1,0,0,1,0,0,1,0,0,0
0,0,0,1,0,0,0,0,0,5,10,0,0,0,0,0,1,0,0,1,0,0,1,0,0,0
0,0,0,1,0,0,0,0,0,0,2,0,0,0,0,0,1,0,0,1,0,0,1,0,0,0
0,0,0,1,0,0,0,0,0,0,6,0,0,0,0,0,1,0,0,1,0,0,1,0,0,0
0,0,0,0,0,0,0,0,0,3,0,0,3,0,0,0,1,0,0,1,0,0,1,0,0,0
0,0,0,4,0,0,0,0,0,4,15,0,0,0,0,0,1,0,0,1,0,0,1,0,0,0
0,0,0,0,0,0,0,0,0,10,6,0,1,0,0,0,1,0,0,1,0,0,1,0,0,0
0,0,0,1,0,0,0,0,0,5,24,0,0,0,0,0,1,0,0,1,0,0,1,0,0,0
0,0,0,0,0,0,0,0,0,14,1,0,11,0,0,0,1,0,0,1,0,0,1,0,0,0
0,0,0,0,0,0,0,0,0,2,10,0,3,0,0,0,1,0,0,1,0,0,1,0,0,0
0,0,0,0,0,0,0,0,0,2,3,0,4,0,0,0,1,0,0,1,0,0,1,0,0,0
0,0,0,1,0,0,0,0,0,0,16,0,0,0,0,0,1,0,0,1,0,0,1,0,0,0
0,0,0,2,0,0,0,0,0,10,15,0,0,0,0,0,1,0,0,1,0,0,1,0,0,0
0,0,0,1,0,0,0,0,0,6,1,0,0,0,0,0,1,0,0,1,0,0,1,0,0,0
0,0,0,1,0,0,0,0,0,2,10,0,0,0,0,0,1,0,0,1,0,0,1,0,0,0
0,0,0,0,0,0,0,0,0,2,17,0,4,0,0,0,1,0,0,1,0,0,1,0,0,0
0,0,0,0,0,0,0,0,0,18,12,0,1,0,0,0,1,0,0,1,0,0,1,0,0,0
0,0,0,2,0,0,0,0,0,1,7,0,0,0,0,0,1,0,0,1,0,0,1,0,0,0
0,0,0,0,0,0,0,0,0,4,6,0,9,0,0,0,1,0,0,1,0,0,1,0,0,0
0,0,0,0,0,0,0,0,0,0,27,0,3,0,0,0,1,0,0,1,0,0,1,0,0,0
0,0,0,0,0,0,0,0,0,0,14,0,6,0,0,0,1,0,0,1,0,0,1,0,0,0
0,0,0,2,0,0,0,0,0,2,4,0,1,0,0,0,1,0,0,1,0,0,1,0,0,0
0,0,0,3,0,0,0,0,0,4,16,0,0,0,0,0,1,0,0,1,0,0,1,0,0,0
0,0,0,0,0,0,0,0,0,0,9,0,2,0,0,0,1,0,0,1,0,0,1,0,0,0
0,0,0,0,0,0,0,0,0,3,0,0,5,0,0,0,1,0,0,1,0,0,1,0,0,0
0,0,0,1,0,0,0,0,0,0,10,0,0,0,0,0,1,0,0,1,0,0,1,0,0,0
0,0,0,1,0,0,0,0,0,3,0,0,2,0,0,0,1,0,0,1,0,0,1,0,0,0
0,0,0,0,0,0,0,0,0,2,40,0,9,0,0,0,1,0,0,1,0,0,1,0,0,0
0,0,0,1,0,0,0,0,0,1,4,0,0,0,0,0,1,0,0,1,0,0,1,0,0,0
0,0,0,1,0,0,0,0,0,0,5,0,0,0,0,0,1,0,0,1,0,0,1,0,0,0
0,0,0,3,0,0,0,0,0,0,3,0,0,0,0,0,1,0,0,1,0,0,1,0,0,0
0,0,0,4,0,0,0,0,0,1,12,0,0,0,0,0,1,0,0,1,0,0,1,0,0,0
0,0,0,0,0,0,0,0,0,4,12,0,6,0,0,0,1,0,0,1,0,0,1,0,0,0
0,0,0,6,0,0,0,0,0,7,6,0,0,0,0,0,1,0,0,1,0,0,1,0,0,0
0,0,0,0,0,0,0,0,0,0,7,0,1,0,0,0,1,0,0,1,0,0,1,0,0,0
0,0,0,0,0,0,0,0,0,6,2,0,3,0,0,0,1,0,0,1,0,0,1,0,0,0
0,0,0,0,0,0,0,0,0,5,8,0,1,0,0,0,1,0,0,1,0,0,1,0,0,0
0,0,0,0,0,0,0,0,0,0,7,0,3,0,0,0,1,0,0,1,0,0,1,0,0,0
0,0,0,1,0,0,0,0,0,1,16,0,9,0,0,0,1,0,0,1,0,0,1,0,0,0
0,0,0,6,0,0,0,0,0,2,6,0,0,0,0,0,1,0,0,1,0,0,1,0,0,0
0,0,0,0,0,0,0,0,0,8,7,0,6,0,0,0,1,0,0,1,0,0,1,0,0,0
0,0,0,0,0,0,0,0,0,5,6,0,1,0,0,0,1,0,0,1,0,0,1,0,0,0
0,0,0,1,0,0,0,0,0,0,10,0,0,0,0,0,1,0,0,1,0,0,1,0,0,0
0,0,0,0,0,0,0,0,0,6,8,0,3,0,0,0,1,0,0,1,0,0,1,0,0,0
0,0,0,1,0,0,0,0,0,1,3,0,0,0,0,0,1,0,0,1,0,0,1,0,0,0
0,0,0,2,0,0,0,0,0,0,2,0,0,0,0,0,1,0,0,1,0,0,1,0,0,0
0,0,0,2,0,0,0,0,0,0,3,0,0,0,0,0,1,0,0,1,0,0,1,0,0,0
0,0,0,0,0,0,0,0,0,1,11,0,4,0,0,0,1,0,0,1,0,0,1,0,0,0
0,0,0,0,0,0,0,0,0,3,10,0,1,0,0,0,1,0,0,1,0,0,1,0,0,0
0,0,0,0,0,0,0,0,0,5,4,0,1,0,0,0,1,0,0,1,0,0,1,0,0,0
0,0,0,0,0,0,0,0,0,13,64,0,4,0,0,0,1,0,0,1,0,0,1,0,0,0
0,0,0,0,0,0,0,0,0,13,8,0,3,0,0,0,1,0,0,1,0,0,1,0,0,0
0,0,0,0,0,0,0,0,0,3,6,0,3,0,0,0,1,0,0,1,0,0,1,0,0,0
0,0,0,0,0,0,0,0,0,8,7,0,2,0,0,0,1,0,0,1,0,0,1,0,0,0
0,0,0,1,0,0,0,0,0,0,13,0,0,0,0,0,1,0,0,1,0,0,1,0,0,0
0,0,0,0,0,0,0,0,0,7,10,0,1,0,0,0,1,0,0,1,0,0,1,0,0,0
0,0,0,0,0,0,0,0,0,3,9,0,1,0,0,0,1,0,0,1,0,0,1,0,0,0
0,0,0,0,0,0,0,0,0,6,0,0,1,0,0,0,1,0,0,1,0,0,1,0,0,0
0,0,0,1,0,0,0,0,0,0,2,0,5,0,0,0,1,0,0,1,0,0,1,0,0,0
0,0,0,0,0,0,0,0,0,0,12,0,1,0,0,0,1,0,0,1,0,0,1,0,0,0
0,0,0,0,0,0,0,0,0,2,1,0,2,0,0,0,1,0,0,1,0,0,1,0,0,0
